-- phpMyAdmin SQL Dump
-- version 5.2.2
-- https://www.phpmyadmin.net/
--
-- Host: localhost:3306
-- Generation Time: Nov 14, 2025 at 09:54 AM
-- Server version: 10.11.14-MariaDB-cll-lve
-- PHP Version: 8.4.14

SET SQL_MODE = "NO_AUTO_VALUE_ON_ZERO";
START TRANSACTION;
SET time_zone = "+00:00";


/*!40101 SET @OLD_CHARACTER_SET_CLIENT=@@CHARACTER_SET_CLIENT */;
/*!40101 SET @OLD_CHARACTER_SET_RESULTS=@@CHARACTER_SET_RESULTS */;
/*!40101 SET @OLD_COLLATION_CONNECTION=@@COLLATION_CONNECTION */;
/*!40101 SET NAMES utf8mb4 */;

--
-- Database: `n1609281_smop`
--

-- --------------------------------------------------------

--
-- Table structure for table `ci_sessions`
--

CREATE TABLE `ci_sessions` (
  `id` varchar(128) NOT NULL,
  `ip_address` varchar(45) NOT NULL,
  `timestamp` int(10) UNSIGNED NOT NULL DEFAULT 0,
  `data` blob NOT NULL
) ENGINE=InnoDB DEFAULT CHARSET=latin1 COLLATE=latin1_swedish_ci;

--
-- Dumping data for table `ci_sessions`
--

INSERT INTO `ci_sessions` (`id`, `ip_address`, `timestamp`, `data`) VALUES
('03503603f4308aae39c6dcb6ac37f4dc0040c2ad', '36.84.112.92', 1763000585, 0x5f5f63695f6c6173745f726567656e65726174657c693a313736333030303538353b757365725f69647c733a313a2233223b757365726e616d657c733a343a2262756469223b6e616d615f6c656e676b61707c733a31313a2255737461647a2042756469223b73797374656d5f726f6c657c733a343a2275736572223b6c6f676765645f696e7c623a313b),
('03aee73a5996a0ecc575cf1c4f6c9cd8029ee607', '36.84.112.92', 1762998429, 0x5f5f63695f6c6173745f726567656e65726174657c693a313736323939383430353b757365725f69647c733a313a2231223b757365726e616d657c733a353a2261646d696e223b6e616d615f6c656e676b61707c733a31363a2241646d696e20507573617420534d4f50223b73797374656d5f726f6c657c733a353a2261646d696e223b6c6f676765645f696e7c623a313b),
('048a6bbb3aaadcfd6aa062be0822f8fd2e0ca6c2', '36.84.115.207', 1762576212, 0x5f5f63695f6c6173745f726567656e65726174657c693a313736323537363231323b757365725f69647c733a313a2231223b757365726e616d657c733a353a2261646d696e223b6e616d615f6c656e676b61707c733a31363a2241646d696e20507573617420534d4f50223b73797374656d5f726f6c657c733a353a2261646d696e223b6c6f676765645f696e7c623a313b),
('063e85cad07eaefe49547c6d5aa6dfb255950e9d', '68.183.15.100', 1762434499, 0x5f5f63695f6c6173745f726567656e65726174657c693a313736323433343439393b),
('0867cfe78c109169819338287a758451776f9680', '36.84.115.207', 1762317233, 0x5f5f63695f6c6173745f726567656e65726174657c693a313736323331373233333b757365725f69647c733a313a2233223b757365726e616d657c733a343a2262756469223b6e616d615f6c656e676b61707c733a31313a2255737461647a2042756469223b73797374656d5f726f6c657c733a31323a2274696d5f6c6170616e67616e223b6c6f676765645f696e7c623a313b),
('0a882b6b6448ad182398d4595e9570938daf3675', '36.84.115.207', 1762327428, 0x5f5f63695f6c6173745f726567656e65726174657c693a313736323332373432383b757365725f69647c733a313a2233223b757365726e616d657c733a343a2262756469223b6e616d615f6c656e676b61707c733a31313a2255737461647a2042756469223b73797374656d5f726f6c657c733a31323a2274696d5f6c6170616e67616e223b6c6f676765645f696e7c623a313b),
('0ab3cf462ed5a65d131221df405bb2f76f5d4592', '36.70.104.35', 1762246062, 0x5f5f63695f6c6173745f726567656e65726174657c693a313736323234363036323b757365725f69647c733a313a2231223b757365726e616d657c733a353a2261646d696e223b6e616d615f6c656e676b61707c733a31363a2241646d696e20507573617420534d4f50223b73797374656d5f726f6c657c733a353a2261646d696e223b6c6f676765645f696e7c623a313b),
('0cb72ca43b96608a83a5a3dff3d2e87674314262', '182.2.152.54', 1762341270, 0x5f5f63695f6c6173745f726567656e65726174657c693a313736323334313237303b757365725f69647c733a313a2233223b757365726e616d657c733a343a2262756469223b6e616d615f6c656e676b61707c733a31313a2255737461647a2042756469223b73797374656d5f726f6c657c733a31323a2274696d5f6c6170616e67616e223b6c6f676765645f696e7c623a313b737563636573737c733a33333a2253746174757320747567617320626572686173696c20646970657262617275692e223b5f5f63695f766172737c613a313a7b733a373a2273756363657373223b733a333a226f6c64223b7d),
('0f9311ea1319d1f78b1e3116e43ff4b191893939', '36.84.112.92', 1763001659, 0x5f5f63695f6c6173745f726567656e65726174657c693a313736333030313635393b757365725f69647c733a313a2233223b757365726e616d657c733a343a2262756469223b6e616d615f6c656e676b61707c733a31313a2255737461647a2042756469223b73797374656d5f726f6c657c733a343a2275736572223b6c6f676765645f696e7c623a313b),
('0fd393c84b32b2dcd42adef639685c6983c67cd3', '36.84.115.207', 1762573081, 0x5f5f63695f6c6173745f726567656e65726174657c693a313736323537323831383b757365725f69647c733a313a2231223b757365726e616d657c733a353a2261646d696e223b6e616d615f6c656e676b61707c733a31363a2241646d696e20507573617420534d4f50223b73797374656d5f726f6c657c733a353a2261646d696e223b6c6f676765645f696e7c623a313b),
('10bf685a6ee084264e32ec252d0cca17c10cff77', '36.84.115.207', 1762748479, 0x5f5f63695f6c6173745f726567656e65726174657c693a313736323734383233373b757365725f69647c733a313a2231223b757365726e616d657c733a353a2261646d696e223b6e616d615f6c656e676b61707c733a31363a2241646d696e20507573617420534d4f50223b73797374656d5f726f6c657c733a353a2261646d696e223b6c6f676765645f696e7c623a313b737563636573737c733a33353a224974656d206974696e657261727920626572686173696c20646970657262617275692e223b5f5f63695f766172737c613a313a7b733a373a2273756363657373223b733a333a226f6c64223b7d),
('11223ca0ed5af944440333935d95d06960ce6270', '36.84.115.207', 1762393676, 0x5f5f63695f6c6173745f726567656e65726174657c693a313736323339333637363b),
('1249692c9cb5ba44792050639e2e38428b78b3b8', '36.84.115.207', 1762578931, 0x5f5f63695f6c6173745f726567656e65726174657c693a313736323537383933313b757365725f69647c733a313a2231223b757365726e616d657c733a353a2261646d696e223b6e616d615f6c656e676b61707c733a31363a2241646d696e20507573617420534d4f50223b73797374656d5f726f6c657c733a353a2261646d696e223b6c6f676765645f696e7c623a313b),
('1666062b48dc9613c6a996d073e2a89b133ff063', '36.70.104.35', 1762246381, 0x5f5f63695f6c6173745f726567656e65726174657c693a313736323234363338313b757365725f69647c733a313a2231223b757365726e616d657c733a353a2261646d696e223b6e616d615f6c656e676b61707c733a31363a2241646d696e20507573617420534d4f50223b73797374656d5f726f6c657c733a353a2261646d696e223b6c6f676765645f696e7c623a313b),
('1bd8fa9aebb4ca465c8a22518543da24a09abee9', '36.84.115.207', 1762739140, 0x5f5f63695f6c6173745f726567656e65726174657c693a313736323733393133383b757365725f69647c733a313a2231223b757365726e616d657c733a353a2261646d696e223b6e616d615f6c656e676b61707c733a31363a2241646d696e20507573617420534d4f50223b73797374656d5f726f6c657c733a353a2261646d696e223b6c6f676765645f696e7c623a313b),
('1c35fbe15e0a0006552c0283710f6d71b1a120af', '36.84.115.207', 1762826264, 0x5f5f63695f6c6173745f726567656e65726174657c693a313736323832353939373b757365725f69647c733a313a2233223b757365726e616d657c733a343a2262756469223b6e616d615f6c656e676b61707c733a31313a2255737461647a2042756469223b73797374656d5f726f6c657c733a343a2275736572223b6c6f676765645f696e7c623a313b),
('1ee673d4fea4f349d879e08d9777a15b77563c71', '36.84.115.207', 1762333724, 0x5f5f63695f6c6173745f726567656e65726174657c693a313736323333333732343b757365725f69647c733a313a2233223b757365726e616d657c733a343a2262756469223b6e616d615f6c656e676b61707c733a31313a2255737461647a2042756469223b73797374656d5f726f6c657c733a31323a2274696d5f6c6170616e67616e223b6c6f676765645f696e7c623a313b),
('23b4305ed999a2c0eb7d7f18c52670c4fbcb8196', '36.84.115.207', 1762826331, 0x5f5f63695f6c6173745f726567656e65726174657c693a313736323832363038303b757365725f69647c733a313a2231223b757365726e616d657c733a353a2261646d696e223b6e616d615f6c656e676b61707c733a31363a2241646d696e20507573617420534d4f50223b73797374656d5f726f6c657c733a353a2261646d696e223b6c6f676765645f696e7c623a313b),
('24963c44fafc9259862eebfb97ecfe0b11d8256e', '36.84.115.207', 1762505115, 0x5f5f63695f6c6173745f726567656e65726174657c693a313736323530353131353b757365725f69647c733a313a2233223b757365726e616d657c733a343a2262756469223b6e616d615f6c656e676b61707c733a31313a2255737461647a2042756469223b73797374656d5f726f6c657c733a31323a2274696d5f6c6170616e67616e223b6c6f676765645f696e7c623a313b),
('256cdf70600cf4a7cb42dfc5b74e8768bbfaa99b', '36.84.115.207', 1762581493, 0x5f5f63695f6c6173745f726567656e65726174657c693a313736323538313439333b757365725f69647c733a313a2231223b757365726e616d657c733a353a2261646d696e223b6e616d615f6c656e676b61707c733a31363a2241646d696e20507573617420534d4f50223b73797374656d5f726f6c657c733a353a2261646d696e223b6c6f676765645f696e7c623a313b),
('265401cceb8142397b4f969afef37105ee0cd4ed', '36.84.115.207', 1762331435, 0x5f5f63695f6c6173745f726567656e65726174657c693a313736323333313433353b757365725f69647c733a313a2233223b757365726e616d657c733a343a2262756469223b6e616d615f6c656e676b61707c733a31313a2255737461647a2042756469223b73797374656d5f726f6c657c733a31323a2274696d5f6c6170616e67616e223b6c6f676765645f696e7c623a313b),
('267521b5228b1760004ad24205e5f6965b08ff6f', '36.84.115.207', 1762331501, 0x5f5f63695f6c6173745f726567656e65726174657c693a313736323333313436373b757365725f69647c733a313a2231223b757365726e616d657c733a353a2261646d696e223b6e616d615f6c656e676b61707c733a31363a2241646d696e20507573617420534d4f50223b73797374656d5f726f6c657c733a353a2261646d696e223b6c6f676765645f696e7c623a313b),
('27aa03738cd0886122544bb3e77eeb18d434bd80', '36.84.115.207', 1762572523, 0x5f5f63695f6c6173745f726567656e65726174657c693a313736323537323532333b757365725f69647c733a313a2233223b757365726e616d657c733a343a2262756469223b6e616d615f6c656e676b61707c733a31313a2255737461647a2042756469223b73797374656d5f726f6c657c733a31323a2274696d5f6c6170616e67616e223b6c6f676765645f696e7c623a313b),
('27f4984668b8d50ce9ad692ef3a1ebab3839d701', '36.84.115.207', 1762506414, 0x5f5f63695f6c6173745f726567656e65726174657c693a313736323530363431343b757365725f69647c733a313a2233223b757365726e616d657c733a343a2262756469223b6e616d615f6c656e676b61707c733a31313a2255737461647a2042756469223b73797374656d5f726f6c657c733a31323a2274696d5f6c6170616e67616e223b6c6f676765645f696e7c623a313b),
('28dcf025d28437df39c8b63bc481d27f3ed6ad00', '36.70.104.35', 1762246717, 0x5f5f63695f6c6173745f726567656e65726174657c693a313736323234363731373b757365725f69647c733a313a2231223b757365726e616d657c733a353a2261646d696e223b6e616d615f6c656e676b61707c733a31363a2241646d696e20507573617420534d4f50223b73797374656d5f726f6c657c733a353a2261646d696e223b6c6f676765645f696e7c623a313b),
('290ac3b4025d1da7e9fc882f2982178d57b7c851', '36.84.115.207', 1762570491, 0x5f5f63695f6c6173745f726567656e65726174657c693a313736323537303439313b757365725f69647c733a313a2233223b757365726e616d657c733a343a2262756469223b6e616d615f6c656e676b61707c733a31313a2255737461647a2042756469223b73797374656d5f726f6c657c733a31323a2274696d5f6c6170616e67616e223b6c6f676765645f696e7c623a313b),
('2a4a450e4b984ef28510010704b9a12598e4d83e', '36.70.104.35', 1762245527, 0x5f5f63695f6c6173745f726567656e65726174657c693a313736323234353332363b757365725f69647c733a313a2233223b757365726e616d657c733a343a2262756469223b6e616d615f6c656e676b61707c733a31313a2255737461647a2042756469223b73797374656d5f726f6c657c733a31323a2274696d5f6c6170616e67616e223b6c6f676765645f696e7c623a313b737563636573737c733a33333a2253746174757320747567617320626572686173696c20646970657262617275692e223b5f5f63695f766172737c613a313a7b733a373a2273756363657373223b733a333a226f6c64223b7d),
('2a82d2f1d450339bbc6b265af13a2a8a5c534428', '36.84.115.207', 1762507699, 0x5f5f63695f6c6173745f726567656e65726174657c693a313736323530373639393b757365725f69647c733a313a2233223b757365726e616d657c733a343a2262756469223b6e616d615f6c656e676b61707c733a31313a2255737461647a2042756469223b73797374656d5f726f6c657c733a31323a2274696d5f6c6170616e67616e223b6c6f676765645f696e7c623a313b),
('2ad584499307c6959e3c5d53d037b9b3f42202b1', '23.27.145.211', 1762258894, 0x5f5f63695f6c6173745f726567656e65726174657c693a313736323235383839343b),
('2aef64401fa47d2404a4babf4113cfb481ee6222', '156.146.39.190', 1762854687, 0x5f5f63695f6c6173745f726567656e65726174657c693a313736323835343638373b),
('2b087a2f0ee041f7235986aa9f579421c0f2b8a3', '36.70.104.35', 1762247899, 0x5f5f63695f6c6173745f726567656e65726174657c693a313736323234373839393b757365725f69647c733a313a2231223b757365726e616d657c733a353a2261646d696e223b6e616d615f6c656e676b61707c733a31363a2241646d696e20507573617420534d4f50223b73797374656d5f726f6c657c733a353a2261646d696e223b6c6f676765645f696e7c623a313b),
('2bd93231b7861367520821c8722258910946f2e1', '36.84.115.207', 1762322993, 0x5f5f63695f6c6173745f726567656e65726174657c693a313736323332323939333b757365725f69647c733a313a2233223b757365726e616d657c733a343a2262756469223b6e616d615f6c656e676b61707c733a31313a2255737461647a2042756469223b73797374656d5f726f6c657c733a31323a2274696d5f6c6170616e67616e223b6c6f676765645f696e7c623a313b),
('2d30942759b4de5578781df570185ea672b30645', '23.27.145.93', 1762240813, 0x5f5f63695f6c6173745f726567656e65726174657c693a313736323234303831333b),
('2d442c33e3757941b5ee6ec7b74234cb2eb84b14', '36.84.115.207', 1762508100, 0x5f5f63695f6c6173745f726567656e65726174657c693a313736323530383032313b757365725f69647c733a313a2233223b757365726e616d657c733a343a2262756469223b6e616d615f6c656e676b61707c733a31313a2255737461647a2042756469223b73797374656d5f726f6c657c733a31323a2274696d5f6c6170616e67616e223b6c6f676765645f696e7c623a313b),
('2f0f8b13c64b02e633b7617e3e9b50edede8f43e', '182.2.152.54', 1762424119, 0x5f5f63695f6c6173745f726567656e65726174657c693a313736323432343131393b757365725f69647c733a313a2233223b757365726e616d657c733a343a2262756469223b6e616d615f6c656e676b61707c733a31313a2255737461647a2042756469223b73797374656d5f726f6c657c733a31323a2274696d5f6c6170616e67616e223b6c6f676765645f696e7c623a313b),
('2f9eb9c36d56e26ad9f6b56a53dab2a775b60bda', '36.84.115.207', 1762507335, 0x5f5f63695f6c6173745f726567656e65726174657c693a313736323530373333353b757365725f69647c733a313a2233223b757365726e616d657c733a343a2262756469223b6e616d615f6c656e676b61707c733a31313a2255737461647a2042756469223b73797374656d5f726f6c657c733a31323a2274696d5f6c6170616e67616e223b6c6f676765645f696e7c623a313b),
('320b0cc55ec9e04ee8564f9897f23e7657e981d1', '155.254.45.102', 1762859441, 0x5f5f63695f6c6173745f726567656e65726174657c693a313736323835393434313b),
('3312f1647bfa33e4316cf76ca25cdec9e5e32773', '36.84.115.207', 1762487136, 0x5f5f63695f6c6173745f726567656e65726174657c693a313736323438373133363b757365725f69647c733a313a2233223b757365726e616d657c733a343a2262756469223b6e616d615f6c656e676b61707c733a31313a2255737461647a2042756469223b73797374656d5f726f6c657c733a31323a2274696d5f6c6170616e67616e223b6c6f676765645f696e7c623a313b),
('3472aa3bd3680420b032ba13160cdcd9c5c3e91a', '36.84.115.207', 1762481024, 0x5f5f63695f6c6173745f726567656e65726174657c693a313736323438303837323b757365725f69647c733a313a2231223b757365726e616d657c733a353a2261646d696e223b6e616d615f6c656e676b61707c733a31363a2241646d696e20507573617420534d4f50223b73797374656d5f726f6c657c733a353a2261646d696e223b6c6f676765645f696e7c623a313b),
('34aa381cab2cc069d93f7df797227e71e139540e', '34.26.8.135', 1762260054, 0x5f5f63695f6c6173745f726567656e65726174657c693a313736323236303035343b),
('34e8368e5fa8b3e92ddbce6d4be33434c188dddb', '36.84.115.207', 1762825997, 0x5f5f63695f6c6173745f726567656e65726174657c693a313736323832353939373b757365725f69647c733a313a2233223b757365726e616d657c733a343a2262756469223b6e616d615f6c656e676b61707c733a31313a2255737461647a2042756469223b73797374656d5f726f6c657c733a343a2275736572223b6c6f676765645f696e7c623a313b),
('3586d8c0a0bc8899e0b56ba3501d5fc7de083eac', '188.245.193.111', 1762855690, 0x5f5f63695f6c6173745f726567656e65726174657c693a313736323835353639303b),
('39a25cc1051fe28226801ab4c34ba2ce3f95a900', '72.153.230.168', 1762861918, 0x5f5f63695f6c6173745f726567656e65726174657c693a313736323836313931383b),
('39d87b83305f96c2546ba20a0f335b718bf867df', '23.27.145.23', 1762782192, 0x5f5f63695f6c6173745f726567656e65726174657c693a313736323738323139323b),
('3a2e5304a16d3aae6460fa787bbc0f08d6560ce4', '36.84.115.207', 1762582690, 0x5f5f63695f6c6173745f726567656e65726174657c693a313736323538323639303b757365725f69647c733a313a2231223b757365726e616d657c733a353a2261646d696e223b6e616d615f6c656e676b61707c733a31363a2241646d696e20507573617420534d4f50223b73797374656d5f726f6c657c733a353a2261646d696e223b6c6f676765645f696e7c623a313b),
('3abc3ea5815a267287674419f804ce877fc0cea0', '36.84.115.207', 1762506733, 0x5f5f63695f6c6173745f726567656e65726174657c693a313736323530363733333b757365725f69647c733a313a2233223b757365726e616d657c733a343a2262756469223b6e616d615f6c656e676b61707c733a31313a2255737461647a2042756469223b73797374656d5f726f6c657c733a31323a2274696d5f6c6170616e67616e223b6c6f676765645f696e7c623a313b),
('43e9f19aae553ded267f627d1d1d903990181094', '36.84.115.207', 1762483122, 0x5f5f63695f6c6173745f726567656e65726174657c693a313736323438333132323b757365725f69647c733a313a2233223b757365726e616d657c733a343a2262756469223b6e616d615f6c656e676b61707c733a31313a2255737461647a2042756469223b73797374656d5f726f6c657c733a31323a2274696d5f6c6170616e67616e223b6c6f676765645f696e7c623a313b),
('461cc5bd7e97894840de4179b71e8a9986246ab6', '182.2.152.54', 1762441185, 0x5f5f63695f6c6173745f726567656e65726174657c693a313736323434313138353b757365725f69647c733a313a2233223b757365726e616d657c733a343a2262756469223b6e616d615f6c656e676b61707c733a31313a2255737461647a2042756469223b73797374656d5f726f6c657c733a31323a2274696d5f6c6170616e67616e223b6c6f676765645f696e7c623a313b737563636573737c733a33333a2253746174757320747567617320626572686173696c20646970657262617275692e223b5f5f63695f766172737c613a313a7b733a373a2273756363657373223b733a333a226f6c64223b7d),
('472540033361fc4f94e1a2f7efd9784e664d4445', '36.84.115.207', 1762488035, 0x5f5f63695f6c6173745f726567656e65726174657c693a313736323438373739373b757365725f69647c733a313a2233223b757365726e616d657c733a343a2262756469223b6e616d615f6c656e676b61707c733a31313a2255737461647a2042756469223b73797374656d5f726f6c657c733a31323a2274696d5f6c6170616e67616e223b6c6f676765645f696e7c623a313b),
('4a2541f2f81ed1b2ec610957f43ed521aeec3d4e', '149.57.180.142', 1762328176, 0x5f5f63695f6c6173745f726567656e65726174657c693a313736323332383137363b),
('4a4c548544dae3aafa0bf37817ca5d2a429f7d5c', '2a00:16b0:1:243::7012:e817', 1762854853, 0x5f5f63695f6c6173745f726567656e65726174657c693a313736323835343835333b),
('4b76facc301cbe92c7c940d8aa553c372425a6d3', '36.84.115.207', 1762577202, 0x5f5f63695f6c6173745f726567656e65726174657c693a313736323537373230323b757365725f69647c733a313a2231223b757365726e616d657c733a353a2261646d696e223b6e616d615f6c656e676b61707c733a31363a2241646d696e20507573617420534d4f50223b73797374656d5f726f6c657c733a353a2261646d696e223b6c6f676765645f696e7c623a313b),
('4b94a2d0f2f2cc2539ce9d731ed2f6ee2ea73af2', '36.84.115.207', 1762496160, 0x5f5f63695f6c6173745f726567656e65726174657c693a313736323439363136303b757365725f69647c733a313a2233223b757365726e616d657c733a343a2262756469223b6e616d615f6c656e676b61707c733a31313a2255737461647a2042756469223b73797374656d5f726f6c657c733a31323a2274696d5f6c6170616e67616e223b6c6f676765645f696e7c623a313b737563636573737c733a33333a2253746174757320747567617320626572686173696c20646970657262617275692e223b5f5f63695f766172737c613a313a7b733a373a2273756363657373223b733a333a226f6c64223b7d),
('5162516cea184b079ca8536d5ab51bc6c8abaefb', '36.84.112.92', 1762936015, 0x5f5f63695f6c6173745f726567656e65726174657c693a313736323933363031353b757365725f69647c733a313a2231223b757365726e616d657c733a353a2261646d696e223b6e616d615f6c656e676b61707c733a31363a2241646d696e20507573617420534d4f50223b73797374656d5f726f6c657c733a353a2261646d696e223b6c6f676765645f696e7c623a313b),
('51c67060fe1b76e1d11755fda9c6384c9b025f19', '23.27.145.94', 1762502631, 0x5f5f63695f6c6173745f726567656e65726174657c693a313736323530323633313b),
('583f2365b6e4e2e2b25eb7fb773846ec8a29e23f', '36.84.115.207', 1762311462, 0x5f5f63695f6c6173745f726567656e65726174657c693a313736323331313436323b757365725f69647c733a313a2231223b757365726e616d657c733a353a2261646d696e223b6e616d615f6c656e676b61707c733a31363a2241646d696e20507573617420534d4f50223b73797374656d5f726f6c657c733a353a2261646d696e223b6c6f676765645f696e7c623a313b),
('591beb2e991a6c99a9e6a0cd01ec4b525e657114', '36.84.115.207', 1762504166, 0x5f5f63695f6c6173745f726567656e65726174657c693a313736323530343136363b757365725f69647c733a313a2233223b757365726e616d657c733a343a2262756469223b6e616d615f6c656e676b61707c733a31313a2255737461647a2042756469223b73797374656d5f726f6c657c733a31323a2274696d5f6c6170616e67616e223b6c6f676765645f696e7c623a313b),
('59808d33cc5162ab082a0a567298af291b0fe2d9', '36.84.115.207', 1762826080, 0x5f5f63695f6c6173745f726567656e65726174657c693a313736323832363038303b757365725f69647c733a313a2231223b757365726e616d657c733a353a2261646d696e223b6e616d615f6c656e676b61707c733a31363a2241646d696e20507573617420534d4f50223b73797374656d5f726f6c657c733a353a2261646d696e223b6c6f676765645f696e7c623a313b737563636573737c733a33333a22506f73697369206974656d20626572686173696c20646970696e6461686b616e2e223b5f5f63695f766172737c613a313a7b733a373a2273756363657373223b733a333a226f6c64223b7d),
('59fc0df3e7e5d535b06facbe4a1c779e54264682', '36.84.115.207', 1762329030, 0x5f5f63695f6c6173745f726567656e65726174657c693a313736323332393033303b757365725f69647c733a313a2233223b757365726e616d657c733a343a2262756469223b6e616d615f6c656e676b61707c733a31313a2255737461647a2042756469223b73797374656d5f726f6c657c733a31323a2274696d5f6c6170616e67616e223b6c6f676765645f696e7c623a313b737563636573737c733a33333a2253746174757320747567617320626572686173696c20646970657262617275692e223b5f5f63695f766172737c613a313a7b733a373a2273756363657373223b733a333a226f6c64223b7d),
('5b663f21f142beb5a862d88b9485b6d3ac3cc437', '36.84.115.207', 1762328658, 0x5f5f63695f6c6173745f726567656e65726174657c693a313736323332383635383b757365725f69647c733a313a2233223b757365726e616d657c733a343a2262756469223b6e616d615f6c656e676b61707c733a31313a2255737461647a2042756469223b73797374656d5f726f6c657c733a31323a2274696d5f6c6170616e67616e223b6c6f676765645f696e7c623a313b737563636573737c733a33333a2253746174757320747567617320626572686173696c20646970657262617275692e223b5f5f63695f766172737c613a313a7b733a373a2273756363657373223b733a333a226f6c64223b7d),
('5c62275e959fe9bfac7ffc0802bc9b81738c793c', '82.102.25.216', 1762855164, 0x5f5f63695f6c6173745f726567656e65726174657c693a313736323835353136343b),
('5c77fb6adfa4388708b34e3d5e59120a156378b0', '36.84.115.207', 1762340231, 0x5f5f63695f6c6173745f726567656e65726174657c693a313736323334303233313b757365725f69647c733a313a2233223b757365726e616d657c733a343a2262756469223b6e616d615f6c656e676b61707c733a31313a2255737461647a2042756469223b73797374656d5f726f6c657c733a31323a2274696d5f6c6170616e67616e223b6c6f676765645f696e7c623a313b),
('5d33fb54d442025357d0c59f1a7a0a7209a78815', '36.84.115.207', 1762505769, 0x5f5f63695f6c6173745f726567656e65726174657c693a313736323530353736393b757365725f69647c733a313a2233223b757365726e616d657c733a343a2262756469223b6e616d615f6c656e676b61707c733a31313a2255737461647a2042756469223b73797374656d5f726f6c657c733a31323a2274696d5f6c6170616e67616e223b6c6f676765645f696e7c623a313b74616e6767616c5f7461726765747c733a31303a22323032352d31312d3132223b5f5f63695f766172737c613a323a7b733a31343a2274616e6767616c5f746172676574223b733a333a226f6c64223b733a373a2273756363657373223b733a333a226f6c64223b7d737563636573737c733a33333a2253746174757320747567617320626572686173696c20646970657262617275692e223b),
('5db05a5ec6fbc3c8a714173982e57b60d6b6ff52', '36.84.115.207', 1762480872, 0x5f5f63695f6c6173745f726567656e65726174657c693a313736323438303837323b757365725f69647c733a313a2231223b757365726e616d657c733a353a2261646d696e223b6e616d615f6c656e676b61707c733a31363a2241646d696e20507573617420534d4f50223b73797374656d5f726f6c657c733a353a2261646d696e223b6c6f676765645f696e7c623a313b),
('5ef564a3eae4e7c12a6493855b5ccd4c81b54626', '36.84.115.207', 1762583468, 0x5f5f63695f6c6173745f726567656e65726174657c693a313736323538333239363b757365725f69647c733a313a2231223b757365726e616d657c733a353a2261646d696e223b6e616d615f6c656e676b61707c733a31363a2241646d696e20507573617420534d4f50223b73797374656d5f726f6c657c733a353a2261646d696e223b6c6f676765645f696e7c623a313b),
('61a76a40f8bcf87af5c3d9a334bb5c23215bfcad', '36.84.115.207', 1762500498, 0x5f5f63695f6c6173745f726567656e65726174657c693a313736323530303439383b757365725f69647c733a313a2233223b757365726e616d657c733a343a2262756469223b6e616d615f6c656e676b61707c733a31313a2255737461647a2042756469223b73797374656d5f726f6c657c733a31323a2274696d5f6c6170616e67616e223b6c6f676765645f696e7c623a313b),
('6312ec46d1d3df601ef193141c9cc0a782a59526', '36.84.115.207', 1762580226, 0x5f5f63695f6c6173745f726567656e65726174657c693a313736323538303232363b757365725f69647c733a313a2231223b757365726e616d657c733a353a2261646d696e223b6e616d615f6c656e676b61707c733a31363a2241646d696e20507573617420534d4f50223b73797374656d5f726f6c657c733a353a2261646d696e223b6c6f676765645f696e7c623a313b),
('637d09b464b6ac6ecc80afe2d276ab7c6b26d336', '36.84.115.207', 1762484647, 0x5f5f63695f6c6173745f726567656e65726174657c693a313736323438343634373b757365725f69647c733a313a2233223b757365726e616d657c733a343a2262756469223b6e616d615f6c656e676b61707c733a31313a2255737461647a2042756469223b73797374656d5f726f6c657c733a31323a2274696d5f6c6170616e67616e223b6c6f676765645f696e7c623a313b),
('64818f2e22b5e669bd62f099b51f2a80ce3fe073', '185.102.113.49', 1762896689, 0x5f5f63695f6c6173745f726567656e65726174657c693a313736323839363638393b),
('6566c396d8513ca4b3942973777f2845f6f49815', '89.248.171.23', 1762854679, 0x5f5f63695f6c6173745f726567656e65726174657c693a313736323835343637393b),
('65b15260dbdb403e8791c93ee4d0ffb08913968b', '36.84.115.207', 1762504791, 0x5f5f63695f6c6173745f726567656e65726174657c693a313736323530343739313b757365725f69647c733a313a2233223b757365726e616d657c733a343a2262756469223b6e616d615f6c656e676b61707c733a31313a2255737461647a2042756469223b73797374656d5f726f6c657c733a31323a2274696d5f6c6170616e67616e223b6c6f676765645f696e7c623a313b),
('67563d159b0c57cfe86f8c4af28b80bda47e0ac0', '136.118.22.34', 1762266319, 0x5f5f63695f6c6173745f726567656e65726174657c693a313736323236363331393b),
('68120b66d11f00637adedb76236127ed3d9e5590', '36.70.104.35', 1762245284, 0x5f5f63695f6c6173745f726567656e65726174657c693a313736323234353238343b),
('6ac53f934886f9dba703430645843b54b0a13ffe', '36.84.115.207', 1762487797, 0x5f5f63695f6c6173745f726567656e65726174657c693a313736323438373739373b757365725f69647c733a313a2233223b757365726e616d657c733a343a2262756469223b6e616d615f6c656e676b61707c733a31313a2255737461647a2042756469223b73797374656d5f726f6c657c733a31323a2274696d5f6c6170616e67616e223b6c6f676765645f696e7c623a313b),
('6b773698e95708363d78da1c4c688816250f3b64', '36.84.115.207', 1762483842, 0x5f5f63695f6c6173745f726567656e65726174657c693a313736323438333834323b757365725f69647c733a313a2233223b757365726e616d657c733a343a2262756469223b6e616d615f6c656e676b61707c733a31313a2255737461647a2042756469223b73797374656d5f726f6c657c733a31323a2274696d5f6c6170616e67616e223b6c6f676765645f696e7c623a313b),
('6caeb5770106eae9cebc67316f1b5d33cced8825', '36.84.115.207', 1762507699, 0x5f5f63695f6c6173745f726567656e65726174657c693a313736323530373639393b757365725f69647c733a313a2233223b757365726e616d657c733a343a2262756469223b6e616d615f6c656e676b61707c733a31313a2255737461647a2042756469223b73797374656d5f726f6c657c733a31323a2274696d5f6c6170616e67616e223b6c6f676765645f696e7c623a313b),
('6d5a170e8fcd7f6ea1df9bc12be99864933a07c5', '114.10.76.110', 1762520995, 0x5f5f63695f6c6173745f726567656e65726174657c693a313736323532303939353b757365725f69647c733a313a2231223b757365726e616d657c733a353a2261646d696e223b6e616d615f6c656e676b61707c733a31363a2241646d696e20507573617420534d4f50223b73797374656d5f726f6c657c733a353a2261646d696e223b6c6f676765645f696e7c623a313b),
('6f23643c05a4df0d94c6e68f36b5bd8152835d79', '36.84.115.207', 1762740068, 0x5f5f63695f6c6173745f726567656e65726174657c693a313736323734303036383b757365725f69647c733a313a2233223b757365726e616d657c733a343a2262756469223b6e616d615f6c656e676b61707c733a31313a2255737461647a2042756469223b73797374656d5f726f6c657c733a343a2275736572223b6c6f676765645f696e7c623a313b),
('75b4e62da0a976d21b3b784fd339ae7533df651b', '182.2.152.54', 1762343425, 0x5f5f63695f6c6173745f726567656e65726174657c693a313736323334333432353b757365725f69647c733a313a2233223b757365726e616d657c733a343a2262756469223b6e616d615f6c656e676b61707c733a31313a2255737461647a2042756469223b73797374656d5f726f6c657c733a31323a2274696d5f6c6170616e67616e223b6c6f676765645f696e7c623a313b),
('770ac7dd2f945214b8e10e7164efe2402b76e3b2', '36.84.112.92', 1762999775, 0x5f5f63695f6c6173745f726567656e65726174657c693a313736323939393737353b757365725f69647c733a313a2231223b757365726e616d657c733a353a2261646d696e223b6e616d615f6c656e676b61707c733a31363a2241646d696e20507573617420534d4f50223b73797374656d5f726f6c657c733a353a2261646d696e223b6c6f676765645f696e7c623a313b),
('78b833d628cc74011c9d6c173533e62909139e89', '36.84.115.207', 1762575547, 0x5f5f63695f6c6173745f726567656e65726174657c693a313736323537353534373b757365725f69647c733a313a2231223b757365726e616d657c733a353a2261646d696e223b6e616d615f6c656e676b61707c733a31363a2241646d696e20507573617420534d4f50223b73797374656d5f726f6c657c733a353a2261646d696e223b6c6f676765645f696e7c623a313b737563636573737c733a33363a224974656d206974696e657261727920626572686173696c20646974616d6261686b616e2e223b5f5f63695f766172737c613a313a7b733a373a2273756363657373223b733a333a226f6c64223b7d),
('79739678b29a0436ff0df05f0fa090776bc9eb07', '36.84.115.207', 1762313370, 0x5f5f63695f6c6173745f726567656e65726174657c693a313736323331333337303b757365725f69647c733a313a2231223b757365726e616d657c733a353a2261646d696e223b6e616d615f6c656e676b61707c733a31363a2241646d696e20507573617420534d4f50223b73797374656d5f726f6c657c733a353a2261646d696e223b6c6f676765645f696e7c623a313b),
('7b45019ccd68b7283a5e4eabbf3f3dfb999c1ede', '36.84.115.207', 1762495792, 0x5f5f63695f6c6173745f726567656e65726174657c693a313736323439353739323b757365725f69647c733a313a2233223b757365726e616d657c733a343a2262756469223b6e616d615f6c656e676b61707c733a31313a2255737461647a2042756469223b73797374656d5f726f6c657c733a31323a2274696d5f6c6170616e67616e223b6c6f676765645f696e7c623a313b),
('7d593c7122b4b49d3c75d5dc6843ef9f80ac48a9', '36.84.115.207', 1762327695, 0x5f5f63695f6c6173745f726567656e65726174657c693a313736323332373639353b757365725f69647c733a313a2231223b757365726e616d657c733a353a2261646d696e223b6e616d615f6c656e676b61707c733a31363a2241646d696e20507573617420534d4f50223b73797374656d5f726f6c657c733a353a2261646d696e223b6c6f676765645f696e7c623a313b),
('7e5f1c52f390503440283643c0dae39921173d51', '44.222.20.176', 1762838454, 0x5f5f63695f6c6173745f726567656e65726174657c693a313736323833383435343b),
('80662b16102ccd51572f41688acdbfd9020fc6e8', '36.84.115.207', 1762573148, 0x5f5f63695f6c6173745f726567656e65726174657c693a313736323537333134383b757365725f69647c733a313a2233223b757365726e616d657c733a343a2262756469223b6e616d615f6c656e676b61707c733a31313a2255737461647a2042756469223b73797374656d5f726f6c657c733a31323a2274696d5f6c6170616e67616e223b6c6f676765645f696e7c623a313b),
('809a13bc865b84d163f45b9bb8423fa0f7965177', '36.84.115.207', 1762573511, 0x5f5f63695f6c6173745f726567656e65726174657c693a313736323537333531313b757365725f69647c733a313a2231223b757365726e616d657c733a353a2261646d696e223b6e616d615f6c656e676b61707c733a31363a2241646d696e20507573617420534d4f50223b73797374656d5f726f6c657c733a353a2261646d696e223b6c6f676765645f696e7c623a313b),
('816b3168fe5e5dfcb171e5a9c639d4e535119109', '36.84.115.207', 1762412542, 0x5f5f63695f6c6173745f726567656e65726174657c693a313736323431323438363b757365725f69647c733a313a2231223b757365726e616d657c733a353a2261646d696e223b6e616d615f6c656e676b61707c733a31363a2241646d696e20507573617420534d4f50223b73797374656d5f726f6c657c733a353a2261646d696e223b6c6f676765645f696e7c623a313b),
('820e13c866152d380458458cafa78fe67e35ea20', '36.84.115.207', 1762501519, 0x5f5f63695f6c6173745f726567656e65726174657c693a313736323530313531363b757365725f69647c733a313a2233223b757365726e616d657c733a343a2262756469223b6e616d615f6c656e676b61707c733a31313a2255737461647a2042756469223b73797374656d5f726f6c657c733a31323a2274696d5f6c6170616e67616e223b6c6f676765645f696e7c623a313b),
('8312c3d9f51a568797e4ce4493ceba0f8d7af7af', '36.70.104.35', 1762245760, 0x5f5f63695f6c6173745f726567656e65726174657c693a313736323234353736303b757365725f69647c733a313a2231223b757365726e616d657c733a353a2261646d696e223b6e616d615f6c656e676b61707c733a31363a2241646d696e20507573617420534d4f50223b73797374656d5f726f6c657c733a353a2261646d696e223b6c6f676765645f696e7c623a313b),
('84e9f2aa2b8c909536919fc386e4f18adb960642', '188.241.80.132', 1762263684, 0x5f5f63695f6c6173745f726567656e65726174657c693a313736323236333638343b),
('86dd073b89b88147f1697cf3d42d0e83a7bb30c1', '36.84.115.207', 1762323313, 0x5f5f63695f6c6173745f726567656e65726174657c693a313736323332333331333b757365725f69647c733a313a2233223b757365726e616d657c733a343a2262756469223b6e616d615f6c656e676b61707c733a31313a2255737461647a2042756469223b73797374656d5f726f6c657c733a31323a2274696d5f6c6170616e67616e223b6c6f676765645f696e7c623a313b),
('87f943aadbbda1ac71f401ec4226f5b7320014fe', '198.64.199.248', 1762476446, 0x5f5f63695f6c6173745f726567656e65726174657c693a313736323437363434363b),
('894f04cb901eb09692251de8ee4aea22b4e21ab6', '36.84.115.207', 1762326509, 0x5f5f63695f6c6173745f726567656e65726174657c693a313736323332363530393b757365725f69647c733a313a2233223b757365726e616d657c733a343a2262756469223b6e616d615f6c656e676b61707c733a31313a2255737461647a2042756469223b73797374656d5f726f6c657c733a31323a2274696d5f6c6170616e67616e223b6c6f676765645f696e7c623a313b),
('8ab542b2e37a97ae6fdec57b58a51dcd8d53a836', '36.70.104.35', 1762247900, 0x5f5f63695f6c6173745f726567656e65726174657c693a313736323234373839393b757365725f69647c733a313a2231223b757365726e616d657c733a353a2261646d696e223b6e616d615f6c656e676b61707c733a31363a2241646d696e20507573617420534d4f50223b73797374656d5f726f6c657c733a353a2261646d696e223b6c6f676765645f696e7c623a313b),
('8c95e166bb32f12b51ca8d051c0a14ad8c0761da', '36.84.115.207', 1762324546, 0x5f5f63695f6c6173745f726567656e65726174657c693a313736323332343534363b757365725f69647c733a313a2233223b757365726e616d657c733a343a2262756469223b6e616d615f6c656e676b61707c733a31313a2255737461647a2042756469223b73797374656d5f726f6c657c733a31323a2274696d5f6c6170616e67616e223b6c6f676765645f696e7c623a313b),
('8d4dce0bc8f3b610afc9063ef7a379031f43f183', '36.84.115.207', 1762582305, 0x5f5f63695f6c6173745f726567656e65726174657c693a313736323538323330353b757365725f69647c733a313a2231223b757365726e616d657c733a353a2261646d696e223b6e616d615f6c656e676b61707c733a31363a2241646d696e20507573617420534d4f50223b73797374656d5f726f6c657c733a353a2261646d696e223b6c6f676765645f696e7c623a313b),
('8da340c3c27bc87f18754a8ed5e1c313d57c0ac7', '36.84.115.207', 1762312835, 0x5f5f63695f6c6173745f726567656e65726174657c693a313736323331323833353b757365725f69647c733a313a2231223b757365726e616d657c733a353a2261646d696e223b6e616d615f6c656e676b61707c733a31363a2241646d696e20507573617420534d4f50223b73797374656d5f726f6c657c733a353a2261646d696e223b6c6f676765645f696e7c623a313b),
('9097cb2503f6e61fdafbea80338f0f44c85cbac7', '36.84.115.207', 1762329551, 0x5f5f63695f6c6173745f726567656e65726174657c693a313736323332393535313b757365725f69647c733a313a2233223b757365726e616d657c733a343a2262756469223b6e616d615f6c656e676b61707c733a31313a2255737461647a2042756469223b73797374656d5f726f6c657c733a31323a2274696d5f6c6170616e67616e223b6c6f676765645f696e7c623a313b737563636573737c733a33333a2253746174757320747567617320626572686173696c20646970657262617275692e223b5f5f63695f766172737c613a313a7b733a373a2273756363657373223b733a333a226f6c64223b7d),
('90c474b55393f490458bb01440c0d4c8421e3b7a', '140.213.21.37', 1762593027, 0x5f5f63695f6c6173745f726567656e65726174657c693a313736323539333032373b),
('928f8ed351d5d6504e80e2c9005cedde8bab9b4e', '182.2.152.69', 1762692941, 0x5f5f63695f6c6173745f726567656e65726174657c693a313736323639323934313b),
('956f9c85b2e84d86b47f0a1828861bc0714fed45', '36.84.115.207', 1762585038, 0x5f5f63695f6c6173745f726567656e65726174657c693a313736323538353033383b757365725f69647c733a313a2233223b757365726e616d657c733a343a2262756469223b6e616d615f6c656e676b61707c733a31313a2255737461647a2042756469223b73797374656d5f726f6c657c733a343a2275736572223b6c6f676765645f696e7c623a313b),
('971573501096c93c9e9b9f0b966860837d59447b', '182.2.152.54', 1762424119, 0x5f5f63695f6c6173745f726567656e65726174657c693a313736323432343131393b757365725f69647c733a313a2233223b757365726e616d657c733a343a2262756469223b6e616d615f6c656e676b61707c733a31313a2255737461647a2042756469223b73797374656d5f726f6c657c733a31323a2274696d5f6c6170616e67616e223b6c6f676765645f696e7c623a313b),
('9b2185b03dd8eac1895f70f2bafd5377ff9f80c6', '143.198.225.102', 1762763799, 0x5f5f63695f6c6173745f726567656e65726174657c693a313736323736333739393b),
('9cd23afd3c12a7c58de8a166843b4f4fd30720ad', '36.84.115.207', 1762577838, 0x5f5f63695f6c6173745f726567656e65726174657c693a313736323537373833383b757365725f69647c733a313a2231223b757365726e616d657c733a353a2261646d696e223b6e616d615f6c656e676b61707c733a31363a2241646d696e20507573617420534d4f50223b73797374656d5f726f6c657c733a353a2261646d696e223b6c6f676765645f696e7c623a313b),
('9d56930a496ce416e8e267272c9251940172fc72', '36.84.115.207', 1762331435, 0x5f5f63695f6c6173745f726567656e65726174657c693a313736323333313433353b757365725f69647c733a313a2233223b757365726e616d657c733a343a2262756469223b6e616d615f6c656e676b61707c733a31313a2255737461647a2042756469223b73797374656d5f726f6c657c733a31323a2274696d5f6c6170616e67616e223b6c6f676765645f696e7c623a313b),
('9ef2bb3679b450a34267d2fc009635e006c34ae8', '36.84.115.207', 1762501385, 0x5f5f63695f6c6173745f726567656e65726174657c693a313736323530313338353b757365725f69647c733a313a2233223b757365726e616d657c733a343a2262756469223b6e616d615f6c656e676b61707c733a31313a2255737461647a2042756469223b73797374656d5f726f6c657c733a31323a2274696d5f6c6170616e67616e223b6c6f676765645f696e7c623a313b),
('a34067f0ecacc5e06f59d62c89994aa7f4d5c84c', '23.27.145.140', 1762346065, 0x5f5f63695f6c6173745f726567656e65726174657c693a313736323334363036353b),
('a374d00cbf459bc588e245b3257659a2a6d9f734', '89.104.100.141', 1762358005, 0x5f5f63695f6c6173745f726567656e65726174657c693a313736323335383030353b),
('a3798930bd027ba694e703aacfb5f76cbf663faf', '36.84.115.207', 1762585139, 0x5f5f63695f6c6173745f726567656e65726174657c693a313736323538353132323b757365725f69647c733a313a2231223b757365726e616d657c733a353a2261646d696e223b6e616d615f6c656e676b61707c733a31363a2241646d696e20507573617420534d4f50223b73797374656d5f726f6c657c733a353a2261646d696e223b6c6f676765645f696e7c623a313b),
('a3b5c241902f59de3fbdf05941695acb45dd4c35', '68.183.15.100', 1762434498, 0x5f5f63695f6c6173745f726567656e65726174657c693a313736323433343439383b),
('a589076e5e15058d3c23d0fc6110170b77eb7a3d', '36.84.115.207', 1762850428, 0x5f5f63695f6c6173745f726567656e65726174657c693a313736323835303238353b757365725f69647c733a313a2233223b757365726e616d657c733a343a2262756469223b6e616d615f6c656e676b61707c733a31313a2255737461647a2042756469223b73797374656d5f726f6c657c733a343a2275736572223b6c6f676765645f696e7c623a313b),
('a672bd181f490cb84f467888269e6a0f6013529d', '36.84.115.207', 1762505438, 0x5f5f63695f6c6173745f726567656e65726174657c693a313736323530353433383b757365725f69647c733a313a2233223b757365726e616d657c733a343a2262756469223b6e616d615f6c656e676b61707c733a31313a2255737461647a2042756469223b73797374656d5f726f6c657c733a31323a2274696d5f6c6170616e67616e223b6c6f676765645f696e7c623a313b),
('a6b2c82cdad305d232f00bd4cb5f8def988ba382', '36.84.115.207', 1762574579, 0x5f5f63695f6c6173745f726567656e65726174657c693a313736323537343537393b757365725f69647c733a313a2231223b757365726e616d657c733a353a2261646d696e223b6e616d615f6c656e676b61707c733a31363a2241646d696e20507573617420534d4f50223b73797374656d5f726f6c657c733a353a2261646d696e223b6c6f676765645f696e7c623a313b),
('a7dc8aad3918900305f99d4420958c9b69d682ff', '80.82.70.198', 1762854579, 0x5f5f63695f6c6173745f726567656e65726174657c693a313736323835343537393b),
('aa456d543c225bef8a3e272f1dc31869462a3bb5', '182.2.152.54', 1762343425, 0x5f5f63695f6c6173745f726567656e65726174657c693a313736323334333432353b757365725f69647c733a313a2233223b757365726e616d657c733a343a2262756469223b6e616d615f6c656e676b61707c733a31313a2255737461647a2042756469223b73797374656d5f726f6c657c733a31323a2274696d5f6c6170616e67616e223b6c6f676765645f696e7c623a313b6572726f727c733a303a22223b5f5f63695f766172737c613a313a7b733a353a226572726f72223b733a333a226f6c64223b7d),
('ab0d5c4ab0808c26e554c0ddcc20fb548e13cd96', '143.198.225.102', 1762763800, 0x5f5f63695f6c6173745f726567656e65726174657c693a313736323736333830303b),
('ab4f037cdf2ea6f13ab1ab6d53608f279f65e3b9', '149.57.180.189', 1763024467, 0x5f5f63695f6c6173745f726567656e65726174657c693a313736333032343436373b),
('ae1f3863afb650ff86655b438b0a407c8e80b1e3', '182.2.152.54', 1762441514, 0x5f5f63695f6c6173745f726567656e65726174657c693a313736323434313531343b757365725f69647c733a313a2233223b757365726e616d657c733a343a2262756469223b6e616d615f6c656e676b61707c733a31313a2255737461647a2042756469223b73797374656d5f726f6c657c733a31323a2274696d5f6c6170616e67616e223b6c6f676765645f696e7c623a313b),
('b02173ca135b08912a5b2e8cc2d1136b85eb4f05', '31.171.153.178', 1762876762, 0x5f5f63695f6c6173745f726567656e65726174657c693a313736323837363736323b),
('b055f9b47045922933bc629116cb9b7631d1527e', '103.250.15.2', 1762314132, 0x5f5f63695f6c6173745f726567656e65726174657c693a313736323331343133323b),
('b1e681824ace767a7f2dba6f87780080991a7341', '36.84.115.207', 1762483459, 0x5f5f63695f6c6173745f726567656e65726174657c693a313736323438333435393b757365725f69647c733a313a2233223b757365726e616d657c733a343a2262756469223b6e616d615f6c656e676b61707c733a31313a2255737461647a2042756469223b73797374656d5f726f6c657c733a31323a2274696d5f6c6170616e67616e223b6c6f676765645f696e7c623a313b),
('b3dbd3a23af0f4cc4e28c48360309deb0f865d59', '36.84.115.207', 1762740146, 0x5f5f63695f6c6173745f726567656e65726174657c693a313736323734303036383b757365725f69647c733a313a2233223b757365726e616d657c733a343a2262756469223b6e616d615f6c656e676b61707c733a31313a2255737461647a2042756469223b73797374656d5f726f6c657c733a343a2275736572223b6c6f676765645f696e7c623a313b),
('b470aca0a3174818e14f21629af2a9d6d70152a7', '36.84.115.207', 1762503786, 0x5f5f63695f6c6173745f726567656e65726174657c693a313736323530333738363b757365725f69647c733a313a2233223b757365726e616d657c733a343a2262756469223b6e616d615f6c656e676b61707c733a31313a2255737461647a2042756469223b73797374656d5f726f6c657c733a31323a2274696d5f6c6170616e67616e223b6c6f676765645f696e7c623a313b),
('b4ca11ca125cf097b222979d727c4e8c0a25dc52', '36.84.115.207', 1762748484, 0x5f5f63695f6c6173745f726567656e65726174657c693a313736323734383234353b757365725f69647c733a313a2233223b757365726e616d657c733a343a2262756469223b6e616d615f6c656e676b61707c733a31313a2255737461647a2042756469223b73797374656d5f726f6c657c733a343a2275736572223b6c6f676765645f696e7c623a313b),
('b7614714701d1a13000bec80bba26876aa1c176e', '36.70.104.35', 1762247422, 0x5f5f63695f6c6173745f726567656e65726174657c693a313736323234373432323b757365725f69647c733a313a2233223b757365726e616d657c733a343a2262756469223b6e616d615f6c656e676b61707c733a31313a2255737461647a2042756469223b73797374656d5f726f6c657c733a31323a2274696d5f6c6170616e67616e223b6c6f676765645f696e7c623a313b),
('b7c1396c5baae6b277513e7370053413613aa94e', '167.99.240.112', 1762258484, 0x5f5f63695f6c6173745f726567656e65726174657c693a313736323235383438343b),
('bab535df6c20b66b566b06d9cee1673c4e110bc7', '36.84.115.207', 1762311198, 0x5f5f63695f6c6173745f726567656e65726174657c693a313736323331313138353b757365725f69647c733a313a2231223b757365726e616d657c733a353a2261646d696e223b6e616d615f6c656e676b61707c733a31363a2241646d696e20507573617420534d4f50223b73797374656d5f726f6c657c733a353a2261646d696e223b6c6f676765645f696e7c623a313b),
('bb98c0749c7c78164a78c798502303598872f857', '182.2.152.54', 1762441514, 0x5f5f63695f6c6173745f726567656e65726174657c693a313736323434313531343b757365725f69647c733a313a2233223b757365726e616d657c733a343a2262756469223b6e616d615f6c656e676b61707c733a31313a2255737461647a2042756469223b73797374656d5f726f6c657c733a31323a2274696d5f6c6170616e67616e223b6c6f676765645f696e7c623a313b),
('bba3686e056386b4f3e0168a793d4891243c2424', '36.84.115.207', 1762576540, 0x5f5f63695f6c6173745f726567656e65726174657c693a313736323537363534303b757365725f69647c733a313a2231223b757365726e616d657c733a353a2261646d696e223b6e616d615f6c656e676b61707c733a31363a2241646d696e20507573617420534d4f50223b73797374656d5f726f6c657c733a353a2261646d696e223b6c6f676765645f696e7c623a313b),
('bbc7f3a92ca55457b96dc99de0d4a2a11fbb898a', '36.84.115.207', 1762324849, 0x5f5f63695f6c6173745f726567656e65726174657c693a313736323332343834393b757365725f69647c733a313a2233223b757365726e616d657c733a343a2262756469223b6e616d615f6c656e676b61707c733a31313a2255737461647a2042756469223b73797374656d5f726f6c657c733a31323a2274696d5f6c6170616e67616e223b6c6f676765645f696e7c623a313b),
('bc6efbb4199d871cc163bc6af7a992124ad1f355', '36.84.112.92', 1762997931, 0x5f5f63695f6c6173745f726567656e65726174657c693a313736323939373933313b),
('bcd7a9d630992601b7bccdb3cc08f3e0180cccc4', '2400:9800:163:283d:c00b:518a:e235:c03e', 1762515004, 0x5f5f63695f6c6173745f726567656e65726174657c693a313736323531353030343b),
('bd6d54986ac8f7022467f3071a8840fe42b9c193', '36.84.115.207', 1762503477, 0x5f5f63695f6c6173745f726567656e65726174657c693a313736323530333437373b757365725f69647c733a313a2233223b757365726e616d657c733a343a2262756469223b6e616d615f6c656e676b61707c733a31313a2255737461647a2042756469223b73797374656d5f726f6c657c733a31323a2274696d5f6c6170616e67616e223b6c6f676765645f696e7c623a313b),
('bdfa0af62e1edc5ff87e8ec60030b1d673dd4aa2', '182.2.152.54', 1762512857, 0x5f5f63695f6c6173745f726567656e65726174657c693a313736323531323636303b757365725f69647c733a313a2233223b757365726e616d657c733a343a2262756469223b6e616d615f6c656e676b61707c733a31313a2255737461647a2042756469223b73797374656d5f726f6c657c733a31323a2274696d5f6c6170616e67616e223b6c6f676765645f696e7c623a313b),
('bf3ada2c369b0a10d4ca7b2b7713cf85f396a7d1', '36.84.115.207', 1762310704, 0x5f5f63695f6c6173745f726567656e65726174657c693a313736323331303730343b757365725f69647c733a313a2231223b757365726e616d657c733a353a2261646d696e223b6e616d615f6c656e676b61707c733a31363a2241646d696e20507573617420534d4f50223b73797374656d5f726f6c657c733a353a2261646d696e223b6c6f676765645f696e7c623a313b),
('c018e272c8aa136a362d5fe2a09b6c02b11ee5fe', '1.75.66.78', 1762857276, 0x5f5f63695f6c6173745f726567656e65726174657c693a313736323835373237363b),
('c1cc9cc48a26775141e32c3a66f06fe74e98932d', '114.10.79.9', 1762692941, 0x5f5f63695f6c6173745f726567656e65726174657c693a313736323639323934313b),
('c517e2a2e967e442f0e328316f9462b84ea8b249', '36.84.115.207', 1762571367, 0x5f5f63695f6c6173745f726567656e65726174657c693a313736323537313336373b757365725f69647c733a313a2233223b757365726e616d657c733a343a2262756469223b6e616d615f6c656e676b61707c733a31313a2255737461647a2042756469223b73797374656d5f726f6c657c733a31323a2274696d5f6c6170616e67616e223b6c6f676765645f696e7c623a313b),
('c51b34d2c3ab05b44d4a979ef7f64884b18f2994', '36.84.115.207', 1762328084, 0x5f5f63695f6c6173745f726567656e65726174657c693a313736323332383038343b757365725f69647c733a313a2231223b757365726e616d657c733a353a2261646d696e223b6e616d615f6c656e676b61707c733a31363a2241646d696e20507573617420534d4f50223b73797374656d5f726f6c657c733a353a2261646d696e223b6c6f676765645f696e7c623a313b),
('c5cc1c5b03c0c88164252137694c1ccbc74900b2', '36.84.115.207', 1762581820, 0x5f5f63695f6c6173745f726567656e65726174657c693a313736323538313832303b757365725f69647c733a313a2231223b757365726e616d657c733a353a2261646d696e223b6e616d615f6c656e676b61707c733a31363a2241646d696e20507573617420534d4f50223b73797374656d5f726f6c657c733a353a2261646d696e223b6c6f676765645f696e7c623a313b6572726f727c733a32313a224772757020746964616b20646974656d756b616e2e223b5f5f63695f766172737c613a313a7b733a353a226572726f72223b733a333a226f6c64223b7d),
('c761c90d98396c6c932388484fcc9de5b2387541', '36.84.115.207', 1762583296, 0x5f5f63695f6c6173745f726567656e65726174657c693a313736323538333239363b757365725f69647c733a313a2231223b757365726e616d657c733a353a2261646d696e223b6e616d615f6c656e676b61707c733a31363a2241646d696e20507573617420534d4f50223b73797374656d5f726f6c657c733a353a2261646d696e223b6c6f676765645f696e7c623a313b),
('c7712ec4bc231a3ec2da0330c28b79b4211ea14c', '36.84.115.207', 1762502078, 0x5f5f63695f6c6173745f726567656e65726174657c693a313736323530323037383b757365725f69647c733a313a2233223b757365726e616d657c733a343a2262756469223b6e616d615f6c656e676b61707c733a31313a2255737461647a2042756469223b73797374656d5f726f6c657c733a31323a2274696d5f6c6170616e67616e223b6c6f676765645f696e7c623a313b),
('c777360d92e8873044a66314596a787807f2d764', '36.84.115.207', 1762507958, 0x5f5f63695f6c6173745f726567656e65726174657c693a313736323530373935383b757365725f69647c733a313a2231223b757365726e616d657c733a353a2261646d696e223b6e616d615f6c656e676b61707c733a31363a2241646d696e20507573617420534d4f50223b73797374656d5f726f6c657c733a353a2261646d696e223b6c6f676765645f696e7c623a313b737563636573737c733a33323a22506572616e20747567617320626572686173696c20646970657262617275692e223b5f5f63695f766172737c613a313a7b733a373a2273756363657373223b733a333a226f6c64223b7d),
('c77f6181795ebcd6545a92545c6d550bb1ef232f', '36.84.112.92', 1762936554, 0x5f5f63695f6c6173745f726567656e65726174657c693a313736323933363535343b757365725f69647c733a313a2231223b757365726e616d657c733a353a2261646d696e223b6e616d615f6c656e676b61707c733a31363a2241646d696e20507573617420534d4f50223b73797374656d5f726f6c657c733a353a2261646d696e223b6c6f676765645f696e7c623a313b),
('c7f9cab2a3685bd4d03d916361632d827d029350', '36.84.112.92', 1763002092, 0x5f5f63695f6c6173745f726567656e65726174657c693a313736333030323039323b757365725f69647c733a313a2233223b757365726e616d657c733a343a2262756469223b6e616d615f6c656e676b61707c733a31313a2255737461647a2042756469223b73797374656d5f726f6c657c733a343a2275736572223b6c6f676765645f696e7c623a313b),
('c90fef1b59a1e718712dceee8aa622dc54b649cc', '36.84.115.207', 1762501071, 0x5f5f63695f6c6173745f726567656e65726174657c693a313736323530313037313b757365725f69647c733a313a2233223b757365726e616d657c733a343a2262756469223b6e616d615f6c656e676b61707c733a31313a2255737461647a2042756469223b73797374656d5f726f6c657c733a31323a2274696d5f6c6170616e67616e223b6c6f676765645f696e7c623a313b),
('c9ad3ed15dba66aa6e97b1db8adb2830ff0a850b', '36.84.115.207', 1762487468, 0x5f5f63695f6c6173745f726567656e65726174657c693a313736323438373436383b757365725f69647c733a313a2233223b757365726e616d657c733a343a2262756469223b6e616d615f6c656e676b61707c733a31313a2255737461647a2042756469223b73797374656d5f726f6c657c733a31323a2274696d5f6c6170616e67616e223b6c6f676765645f696e7c623a313b),
('cacc850cd7fdce9ee246264f687b3fe326803c10', '36.84.115.207', 1762508021, 0x5f5f63695f6c6173745f726567656e65726174657c693a313736323530383032313b757365725f69647c733a313a2233223b757365726e616d657c733a343a2262756469223b6e616d615f6c656e676b61707c733a31313a2255737461647a2042756469223b73797374656d5f726f6c657c733a31323a2274696d5f6c6170616e67616e223b6c6f676765645f696e7c623a313b),
('cb82eeebbe925b4669de8d8f45c59ae9352e7f1c', '240a:61:71f3:2f90:9ab7:85ff:fe22:3d8c', 1762859356, 0x5f5f63695f6c6173745f726567656e65726174657c693a313736323835393335363b),
('d03d4629839caea2bacf43eda45745f869434c90', '36.84.112.92', 1762922098, 0x5f5f63695f6c6173745f726567656e65726174657c693a313736323932323037393b757365725f69647c733a313a2231223b757365726e616d657c733a353a2261646d696e223b6e616d615f6c656e676b61707c733a31363a2241646d696e20507573617420534d4f50223b73797374656d5f726f6c657c733a353a2261646d696e223b6c6f676765645f696e7c623a313b);
INSERT INTO `ci_sessions` (`id`, `ip_address`, `timestamp`, `data`) VALUES
('d30ea98679ddf5ea420ba109fed3809aea0c070a', '149.57.180.152', 1762246212, 0x5f5f63695f6c6173745f726567656e65726174657c693a313736323234363231323b),
('d49abe4a4767ee29b4922d79c70882d6a3cbba66', '2400:9800:177:8914:750e:1d47:1e2e:93c', 1762393676, 0x5f5f63695f6c6173745f726567656e65726174657c693a313736323339333637363b),
('d7fc15a4b37007611536dac9ca7a9fa75ad0a875', '54.166.146.202', 1762866501, 0x5f5f63695f6c6173745f726567656e65726174657c693a313736323836363530313b),
('dc9d74a7de4d93e2894033d4cf44300ff8b9b43f', '36.84.115.207', 1762313723, 0x5f5f63695f6c6173745f726567656e65726174657c693a313736323331333732333b757365725f69647c733a313a2231223b757365726e616d657c733a353a2261646d696e223b6e616d615f6c656e676b61707c733a31363a2241646d696e20507573617420534d4f50223b73797374656d5f726f6c657c733a353a2261646d696e223b6c6f676765645f696e7c623a313b),
('dcd01e2461c2a7a11bb7b8c3f102346ecda85c09', '23.27.145.157', 1762242629, 0x5f5f63695f6c6173745f726567656e65726174657c693a313736323234323632393b),
('dd0b232cc6e0885a1eb0d0ae55fe869517109c65', '36.84.115.207', 1762311841, 0x5f5f63695f6c6173745f726567656e65726174657c693a313736323331313834313b757365725f69647c733a313a2231223b757365726e616d657c733a353a2261646d696e223b6e616d615f6c656e676b61707c733a31363a2241646d696e20507573617420534d4f50223b73797374656d5f726f6c657c733a353a2261646d696e223b6c6f676765645f696e7c623a313b),
('ddd968375e27556d3b014d3aca1125c75e6e3c81', '36.84.115.207', 1762581112, 0x5f5f63695f6c6173745f726567656e65726174657c693a313736323538313131323b757365725f69647c733a313a2231223b757365726e616d657c733a353a2261646d696e223b6e616d615f6c656e676b61707c733a31363a2241646d696e20507573617420534d4f50223b73797374656d5f726f6c657c733a353a2261646d696e223b6c6f676765645f696e7c623a313b),
('ddee5f9347835cb8bb1585a2d8ca2b2def8b5f73', '36.84.115.207', 1762488951, 0x5f5f63695f6c6173745f726567656e65726174657c693a313736323438383934393b757365725f69647c733a313a2231223b757365726e616d657c733a353a2261646d696e223b6e616d615f6c656e676b61707c733a31363a2241646d696e20507573617420534d4f50223b73797374656d5f726f6c657c733a353a2261646d696e223b6c6f676765645f696e7c623a313b),
('ded0e2fdc22d4905438220e8b53db4f0097e8e02', '36.84.115.207', 1762314025, 0x5f5f63695f6c6173745f726567656e65726174657c693a313736323331343032353b757365725f69647c733a313a2231223b757365726e616d657c733a353a2261646d696e223b6e616d615f6c656e676b61707c733a31363a2241646d696e20507573617420534d4f50223b73797374656d5f726f6c657c733a353a2261646d696e223b6c6f676765645f696e7c623a313b),
('e3983b692fd0dbbdd1e9b70b31b4369ffc2a4487', '136.117.251.35', 1762858273, 0x5f5f63695f6c6173745f726567656e65726174657c693a313736323835383237333b),
('e49b959360f6898c94e9e1d4f14c28f99ec78a00', '36.84.115.207', 1762504487, 0x5f5f63695f6c6173745f726567656e65726174657c693a313736323530343438373b757365725f69647c733a313a2233223b757365726e616d657c733a343a2262756469223b6e616d615f6c656e676b61707c733a31313a2255737461647a2042756469223b73797374656d5f726f6c657c733a31323a2274696d5f6c6170616e67616e223b6c6f676765645f696e7c623a313b),
('e55821a0bccc1a89ea362f8146230a8e53f042bb', '36.84.115.207', 1762508012, 0x5f5f63695f6c6173745f726567656e65726174657c693a313736323530373935383b757365725f69647c733a313a2231223b757365726e616d657c733a353a2261646d696e223b6e616d615f6c656e676b61707c733a31363a2241646d696e20507573617420534d4f50223b73797374656d5f726f6c657c733a353a2261646d696e223b6c6f676765645f696e7c623a313b),
('e88a14ea00f532565418dfca7923f5335aa2526a', '23.27.145.132', 1762244396, 0x5f5f63695f6c6173745f726567656e65726174657c693a313736323234343339363b),
('e9343cd690c9d76a7ed2d7e5585067c62f4fb4a4', '36.84.115.207', 1762501513, 0x5f5f63695f6c6173745f726567656e65726174657c693a313736323530313531333b757365725f69647c733a313a2231223b757365726e616d657c733a353a2261646d696e223b6e616d615f6c656e676b61707c733a31363a2241646d696e20507573617420534d4f50223b73797374656d5f726f6c657c733a353a2261646d696e223b6c6f676765645f696e7c623a313b),
('e934c2d97bf882958fdd166aa74556edeacf4a90', '36.84.115.207', 1762502565, 0x5f5f63695f6c6173745f726567656e65726174657c693a313736323530323536353b757365725f69647c733a313a2233223b757365726e616d657c733a343a2262756469223b6e616d615f6c656e676b61707c733a31313a2255737461647a2042756469223b73797374656d5f726f6c657c733a31323a2274696d5f6c6170616e67616e223b6c6f676765645f696e7c623a313b),
('ea4833cefb489d04615051a7da006cab18a30fb1', '36.84.115.207', 1762571850, 0x5f5f63695f6c6173745f726567656e65726174657c693a313736323537313835303b757365725f69647c733a313a2233223b757365726e616d657c733a343a2262756469223b6e616d615f6c656e676b61707c733a31313a2255737461647a2042756469223b73797374656d5f726f6c657c733a31323a2274696d5f6c6170616e67616e223b6c6f676765645f696e7c623a313b),
('ea72b485ae2ef988c2a57028cae893c6ee086a89', '36.84.112.92', 1763087349, 0x5f5f63695f6c6173745f726567656e65726174657c693a313736333038373333393b757365725f69647c733a313a2231223b757365726e616d657c733a353a2261646d696e223b6e616d615f6c656e676b61707c733a31363a2241646d696e20507573617420534d4f50223b73797374656d5f726f6c657c733a353a2261646d696e223b6c6f676765645f696e7c623a313b),
('eaca5b833907ef16ca7598d0ed64b10193e5ca37', '36.84.115.207', 1762311099, 0x5f5f63695f6c6173745f726567656e65726174657c693a313736323331313039393b757365725f69647c733a313a2231223b757365726e616d657c733a353a2261646d696e223b6e616d615f6c656e676b61707c733a31363a2241646d696e20507573617420534d4f50223b73797374656d5f726f6c657c733a353a2261646d696e223b6c6f676765645f696e7c623a313b),
('eb4f4501d02a58df455897e73e68190d2353b3f0', '44.205.29.107', 1763011899, 0x5f5f63695f6c6173745f726567656e65726174657c693a313736333031313839393b),
('ee706a02231abbb4e25509fc931e3413fd3d070a', '36.84.115.207', 1762572220, 0x5f5f63695f6c6173745f726567656e65726174657c693a313736323537323232303b757365725f69647c733a313a2233223b757365726e616d657c733a343a2262756469223b6e616d615f6c656e676b61707c733a31313a2255737461647a2042756469223b73797374656d5f726f6c657c733a31323a2274696d5f6c6170616e67616e223b6c6f676765645f696e7c623a313b),
('eeff89151ac672ca10931e5063eb1dd0b1cc133d', '36.84.112.92', 1763002092, 0x5f5f63695f6c6173745f726567656e65726174657c693a313736333030323039323b757365725f69647c733a313a2233223b757365726e616d657c733a343a2262756469223b6e616d615f6c656e676b61707c733a31313a2255737461647a2042756469223b73797374656d5f726f6c657c733a343a2275736572223b6c6f676765645f696e7c623a313b),
('ef688d59deb6d75c758fb77b88618a65828be819', '72.153.230.168', 1762861884, 0x5f5f63695f6c6173745f726567656e65726174657c693a313736323836313838343b),
('f244f4e95675473cf5cd9b0f7aec4948a95e4703', '167.99.240.112', 1762258483, 0x5f5f63695f6c6173745f726567656e65726174657c693a313736323235383438333b),
('f27fe8d422a5c08ea1c21f9f79294df65f16f1a7', '149.88.26.14', 1762263684, 0x5f5f63695f6c6173745f726567656e65726174657c693a313736323236333638343b),
('f2e078334fe6b647dd0089230668c251dc26d84f', '36.84.115.207', 1762327219, 0x5f5f63695f6c6173745f726567656e65726174657c693a313736323332373231393b757365725f69647c733a313a2233223b757365726e616d657c733a343a2262756469223b6e616d615f6c656e676b61707c733a31313a2255737461647a2042756469223b73797374656d5f726f6c657c733a31323a2274696d5f6c6170616e67616e223b6c6f676765645f696e7c623a313b737563636573737c733a33333a2253746174757320747567617320626572686173696c20646970657262617275692e223b5f5f63695f766172737c613a313a7b733a373a2273756363657373223b733a333a226f6c64223b7d),
('f2fa1112f2f14d4fecdaf897cc633614429659c7', '36.84.112.92', 1762936554, 0x5f5f63695f6c6173745f726567656e65726174657c693a313736323933363535343b757365725f69647c733a313a2231223b757365726e616d657c733a353a2261646d696e223b6e616d615f6c656e676b61707c733a31363a2241646d696e20507573617420534d4f50223b73797374656d5f726f6c657c733a353a2261646d696e223b6c6f676765645f696e7c623a313b),
('f341e25ce606afa0603815ccd1e3e7a7a2b68f62', '23.27.145.106', 1762523072, 0x5f5f63695f6c6173745f726567656e65726174657c693a313736323532333037323b),
('f65047f58f383d22f254616b7007c7dbf0a759b7', '36.84.115.207', 1762330910, 0x5f5f63695f6c6173745f726567656e65726174657c693a313736323333303931303b757365725f69647c733a313a2233223b757365726e616d657c733a343a2262756469223b6e616d615f6c656e676b61707c733a31313a2255737461647a2042756469223b73797374656d5f726f6c657c733a31323a2274696d5f6c6170616e67616e223b6c6f676765645f696e7c623a313b737563636573737c733a33333a2253746174757320747567617320626572686173696c20646970657262617275692e223b5f5f63695f766172737c613a313a7b733a373a2273756363657373223b733a333a226f6c64223b7d),
('f818526a1cee512c6219f35e856fe7f5c016c3d8', '182.2.152.54', 1762512660, 0x5f5f63695f6c6173745f726567656e65726174657c693a313736323531323636303b757365725f69647c733a313a2233223b757365726e616d657c733a343a2262756469223b6e616d615f6c656e676b61707c733a31313a2255737461647a2042756469223b73797374656d5f726f6c657c733a31323a2274696d5f6c6170616e67616e223b6c6f676765645f696e7c623a313b),
('f81d62f04a9f0d3344b5274725a6afcf0a2479c5', '114.10.76.110', 1762520995, 0x5f5f63695f6c6173745f726567656e65726174657c693a313736323532303939353b757365725f69647c733a313a2231223b757365726e616d657c733a353a2261646d696e223b6e616d615f6c656e676b61707c733a31363a2241646d696e20507573617420534d4f50223b73797374656d5f726f6c657c733a353a2261646d696e223b6c6f676765645f696e7c623a313b),
('f9f04583bd216341760b31f44d3191f56256bfe9', '59.132.64.48', 1762857276, 0x5f5f63695f6c6173745f726567656e65726174657c693a313736323835373237363b),
('fdce9afcf5eb1db091b5801b090a2c6436aa3da0', '182.2.152.54', 1762511944, 0x5f5f63695f6c6173745f726567656e65726174657c693a313736323531313934343b757365725f69647c733a313a2233223b757365726e616d657c733a343a2262756469223b6e616d615f6c656e676b61707c733a31313a2255737461647a2042756469223b73797374656d5f726f6c657c733a31323a2274696d5f6c6170616e67616e223b6c6f676765645f696e7c623a313b),
('ff558cb5b2ef12d82ff926265f108009acaa735c', '36.84.115.207', 1762580634, 0x5f5f63695f6c6173745f726567656e65726174657c693a313736323538303633343b757365725f69647c733a313a2231223b757365726e616d657c733a353a2261646d696e223b6e616d615f6c656e676b61707c733a31363a2241646d696e20507573617420534d4f50223b73797374656d5f726f6c657c733a353a2261646d696e223b6c6f676765645f696e7c623a313b);

-- --------------------------------------------------------

--
-- Table structure for table `tabel_grup`
--

CREATE TABLE `tabel_grup` (
  `id` int(11) NOT NULL,
  `nama_grup` varchar(150) NOT NULL,
  `template_asal_id` int(11) NOT NULL,
  `tanggal_keberangkatan` date NOT NULL,
  `tanggal_pulang` date NOT NULL,
  `status_grup` enum('Aktif','Selesai','Arsip') NOT NULL DEFAULT 'Aktif'
) ENGINE=InnoDB DEFAULT CHARSET=utf8mb3 COLLATE=utf8mb3_general_ci;

--
-- Dumping data for table `tabel_grup`
--

INSERT INTO `tabel_grup` (`id`, `nama_grup`, `template_asal_id`, `tanggal_keberangkatan`, `tanggal_pulang`, `status_grup`) VALUES
(1, 'Grup Simulasi Budi ', 1, '2025-10-03', '2025-10-11', 'Aktif'),
(2, 'Grup Budi - Tgl 2025-11-03', 1, '2025-09-09', '2025-09-17', 'Aktif');

-- --------------------------------------------------------

--
-- Table structure for table `tabel_grup_item`
--

CREATE TABLE `tabel_grup_item` (
  `id` int(11) NOT NULL,
  `grup_id` int(11) NOT NULL,
  `template_item_asal_id` int(11) NOT NULL,
  `tanggal_item` date NOT NULL,
  `urutan` int(3) NOT NULL,
  `tipe_blok` enum('manasik','perjalanan') DEFAULT NULL,
  `hari_ke` int(3) DEFAULT NULL,
  `tipe_item` enum('info','checklist') NOT NULL,
  `deskripsi` text NOT NULL,
  `peran_tugas_id` int(11) DEFAULT NULL,
  `pj_user_id` int(11) DEFAULT NULL,
  `status` enum('Pending','Sukses','Cukup','Buruk','Gagal') NOT NULL DEFAULT 'Pending',
  `foto_bukti` varchar(255) DEFAULT NULL,
  `catatan` text DEFAULT NULL
) ENGINE=InnoDB DEFAULT CHARSET=utf8mb3 COLLATE=utf8mb3_general_ci;

--
-- Dumping data for table `tabel_grup_item`
--

INSERT INTO `tabel_grup_item` (`id`, `grup_id`, `template_item_asal_id`, `tanggal_item`, `urutan`, `tipe_blok`, `hari_ke`, `tipe_item`, `deskripsi`, `peran_tugas_id`, `pj_user_id`, `status`, `foto_bukti`, `catatan`) VALUES
(2, 2, 1, '2025-09-07', 1, 'manasik', 2, 'info', 'Pengarahan Teknis Keberangkatan', NULL, NULL, 'Pending', NULL, NULL),
(3, 2, 2, '2025-09-07', 2, 'manasik', 2, 'checklist', 'Kordinasi Pengumpulan Paspor dan Visa', NULL, 3, 'Gagal', './assets/uploads/bukti/bukti_3_1762689933.jpg', 'Loh kok tanya saya'),
(4, 2, 3, '2025-09-08', 1, 'manasik', 1, 'checklist', 'Finalisasi Pembagian Kamar Hotel', NULL, 3, 'Gagal', './assets/uploads/bukti/bukti_4_1762329567.jpg', NULL),
(5, 2, 4, '2025-09-09', 1, 'perjalanan', 1, 'info', 'Tiba di Bandara Jeddah (Hari H)', NULL, NULL, 'Pending', NULL, NULL),
(6, 2, 5, '2025-09-09', 2, 'perjalanan', 1, 'checklist', 'Pengumpulan Bagasi dan Klaim Lost & Found', NULL, NULL, 'Pending', NULL, NULL),
(7, 2, 6, '2025-09-09', 3, 'perjalanan', 1, 'checklist', 'Pelaporan Imigrasi Jamaah & Koordinasi Bus menuju Madinah', NULL, NULL, 'Pending', NULL, NULL),
(8, 2, 7, '2025-09-10', 1, 'perjalanan', 2, 'checklist', 'Ziarah Raudhah dan Makam Rasulullah', NULL, NULL, 'Pending', NULL, NULL);

-- --------------------------------------------------------

--
-- Table structure for table `tabel_grup_tim`
--

CREATE TABLE `tabel_grup_tim` (
  `id` int(11) NOT NULL,
  `grup_id` int(11) NOT NULL,
  `peran_tugas_id` int(11) NOT NULL,
  `user_id` int(11) NOT NULL
) ENGINE=InnoDB DEFAULT CHARSET=utf8mb3 COLLATE=utf8mb3_general_ci;

--
-- Dumping data for table `tabel_grup_tim`
--

INSERT INTO `tabel_grup_tim` (`id`, `grup_id`, `peran_tugas_id`, `user_id`) VALUES
(1, 2, 3, 3);

-- --------------------------------------------------------

--
-- Table structure for table `tabel_log_aksi`
--

CREATE TABLE `tabel_log_aksi` (
  `id` int(11) NOT NULL,
  `grup_item_id` int(11) NOT NULL,
  `user_id_pengubah` int(11) NOT NULL,
  `status_baru` enum('Pending','Sukses','Cukup','Buruk','Gagal') NOT NULL,
  `keterangan_log` varchar(255) DEFAULT NULL,
  `created_at` datetime NOT NULL DEFAULT current_timestamp()
) ENGINE=InnoDB DEFAULT CHARSET=utf8mb3 COLLATE=utf8mb3_general_ci;

--
-- Dumping data for table `tabel_log_aksi`
--

INSERT INTO `tabel_log_aksi` (`id`, `grup_item_id`, `user_id_pengubah`, `status_baru`, `keterangan_log`, `created_at`) VALUES
(1, 3, 3, 'Cukup', 'Status diubah dari Buruk menjadi Cukup', '2025-11-05 07:34:52'),
(2, 4, 3, 'Buruk', 'Status diubah dari Pending menjadi Buruk', '2025-11-05 07:37:12'),
(3, 4, 3, 'Cukup', 'Status diubah dari Buruk menjadi Cukup', '2025-11-05 07:44:54'),
(4, 3, 3, 'Buruk', 'Status diubah dari Cukup menjadi Buruk', '2025-11-05 07:45:08'),
(5, 3, 3, 'Gagal', 'Status diubah dari Buruk menjadi Gagal', '2025-11-05 07:50:30'),
(6, 4, 3, 'Buruk', 'Status diubah dari Cukup menjadi Buruk', '2025-11-05 07:59:27'),
(8, 4, 3, 'Gagal', 'Status diubah dari Buruk menjadi Gagal', '2025-11-05 10:57:52');

-- --------------------------------------------------------

--
-- Table structure for table `tabel_notifikasi`
--

CREATE TABLE `tabel_notifikasi` (
  `id` int(11) NOT NULL,
  `user_id_tujuan` int(11) NOT NULL,
  `grup_item_id` int(11) NOT NULL,
  `pesan` varchar(255) NOT NULL,
  `is_read` tinyint(1) NOT NULL DEFAULT 0,
  `created_at` datetime NOT NULL DEFAULT current_timestamp()
) ENGINE=InnoDB DEFAULT CHARSET=utf8mb3 COLLATE=utf8mb3_general_ci;

--
-- Dumping data for table `tabel_notifikasi`
--

INSERT INTO `tabel_notifikasi` (`id`, `user_id_tujuan`, `grup_item_id`, `pesan`, `is_read`, `created_at`) VALUES
(1, 1, 3, 'Item \'Kordinasi Pengumpulan Paspor dan Visa\' ditandai \'Buruk\' oleh Ustadz Budi.', 1, '2025-11-03 21:11:11'),
(2, 4, 3, 'Item \'Kordinasi Pengumpulan Paspor dan Visa\' ditandai \'Buruk\' oleh Ustadz Budi.', 0, '2025-11-03 21:11:11'),
(3, 1, 3, 'Item \'Kordinasi Pengumpulan Paspor dan Visa\' ditandai \'Gagal\' oleh Ustadz Budi.', 1, '2025-11-04 07:22:41'),
(4, 4, 3, 'Item \'Kordinasi Pengumpulan Paspor dan Visa\' ditandai \'Gagal\' oleh Ustadz Budi.', 0, '2025-11-04 07:22:41'),
(7, 1, 3, 'Item \'Kordinasi Pengumpulan Paspor dan Visa\' ditandai \'Buruk\' oleh Ustadz Budi.', 1, '2025-11-04 15:35:38'),
(8, 4, 3, 'Item \'Kordinasi Pengumpulan Paspor dan Visa\' ditandai \'Buruk\' oleh Ustadz Budi.', 0, '2025-11-04 15:35:38'),
(9, 1, 3, 'Item \'Kordinasi Pengumpulan Paspor dan Visa\' ditandai \'Gagal\' oleh Ustadz Budi.', 1, '2025-11-05 14:20:30'),
(10, 4, 3, 'Item \'Kordinasi Pengumpulan Paspor dan Visa\' ditandai \'Gagal\' oleh Ustadz Budi.', 0, '2025-11-05 14:20:30'),
(11, 1, 3, 'Item \'Kordinasi Pengumpulan Paspor dan Visa\' ditandai \'Buruk\' oleh Ustadz Budi.', 1, '2025-11-05 14:20:39'),
(12, 4, 3, 'Item \'Kordinasi Pengumpulan Paspor dan Visa\' ditandai \'Buruk\' oleh Ustadz Budi.', 0, '2025-11-05 14:20:39'),
(13, 1, 4, 'Item \'Finalisasi Pembagian Kamar Hotel\' ditandai \'Buruk\' oleh Ustadz Budi.', 1, '2025-11-05 14:37:12'),
(14, 4, 4, 'Item \'Finalisasi Pembagian Kamar Hotel\' ditandai \'Buruk\' oleh Ustadz Budi.', 0, '2025-11-05 14:37:12'),
(15, 1, 3, 'Item \'Kordinasi Pengumpulan Paspor dan Visa\' ditandai \'Buruk\' oleh Ustadz Budi.', 1, '2025-11-05 14:45:08'),
(16, 4, 3, 'Item \'Kordinasi Pengumpulan Paspor dan Visa\' ditandai \'Buruk\' oleh Ustadz Budi.', 0, '2025-11-05 14:45:08'),
(17, 1, 3, 'Item \'Kordinasi Pengumpulan Paspor dan Visa\' ditandai \'Gagal\' oleh Ustadz Budi.', 1, '2025-11-05 14:50:30'),
(18, 4, 3, 'Item \'Kordinasi Pengumpulan Paspor dan Visa\' ditandai \'Gagal\' oleh Ustadz Budi.', 0, '2025-11-05 14:50:30'),
(19, 1, 4, 'Item \'Finalisasi Pembagian Kamar Hotel\' ditandai \'Buruk\' oleh Ustadz Budi.', 1, '2025-11-05 14:59:27'),
(20, 4, 4, 'Item \'Finalisasi Pembagian Kamar Hotel\' ditandai \'Buruk\' oleh Ustadz Budi.', 0, '2025-11-05 14:59:27'),
(23, 1, 4, 'Item \'Finalisasi Pembagian Kamar Hotel\' ditandai \'Gagal\' oleh Ustadz Budi.', 1, '2025-11-05 17:57:52'),
(24, 4, 4, 'Item \'Finalisasi Pembagian Kamar Hotel\' ditandai \'Gagal\' oleh Ustadz Budi.', 0, '2025-11-05 17:57:52'),
(41, 1, 3, 'Item \'Kordinasi Pengumpulan Paspor dan Visa\' (Grup: Grup Budi - Tgl 2025-11-03) ditandai \'Gagal\' oleh Ustadz Budi.', 1, '2025-11-09 19:05:33'),
(42, 4, 3, 'Item \'Kordinasi Pengumpulan Paspor dan Visa\' (Grup: Grup Budi - Tgl 2025-11-03) ditandai \'Gagal\' oleh Ustadz Budi.', 0, '2025-11-09 19:05:33');

-- --------------------------------------------------------

--
-- Table structure for table `tabel_peran_tugas`
--

CREATE TABLE `tabel_peran_tugas` (
  `id` int(11) NOT NULL,
  `nama_peran` varchar(100) NOT NULL,
  `deskripsi` text DEFAULT NULL
) ENGINE=InnoDB DEFAULT CHARSET=utf8mb3 COLLATE=utf8mb3_general_ci;

--
-- Dumping data for table `tabel_peran_tugas`
--

INSERT INTO `tabel_peran_tugas` (`id`, `nama_peran`, `deskripsi`) VALUES
(1, 'Muthowwif Madinah', 'PJ Ibadah dan Ziarah di Madinah'),
(2, 'Tim LA Bandara', 'PJ Penjemputan, Transfer, dan Bagasi Jamaah'),
(3, 'Tour Leader', 'PJ Dokumentasi dan Koordinasi Grup Umum');

-- --------------------------------------------------------

--
-- Table structure for table `tabel_riwayat_item`
--

CREATE TABLE `tabel_riwayat_item` (
  `id` int(11) NOT NULL,
  `grup_item_id` int(11) NOT NULL,
  `user_id_pengubah` int(11) NOT NULL,
  `timestamp` datetime NOT NULL,
  `perubahan` text NOT NULL
) ENGINE=InnoDB DEFAULT CHARSET=utf8mb3 COLLATE=utf8mb3_general_ci;

--
-- Dumping data for table `tabel_riwayat_item`
--

INSERT INTO `tabel_riwayat_item` (`id`, `grup_item_id`, `user_id_pengubah`, `timestamp`, `perubahan`) VALUES
(1, 3, 3, '2025-11-03 14:11:11', 'User Ustadz Budi mengubah status dari \'Pending\' ke \'Buruk\'.'),
(2, 3, 3, '2025-11-04 00:22:41', 'User Ustadz Budi mengubah status dari \'Buruk\' ke \'Gagal\'.'),
(3, 3, 3, '2025-11-04 05:42:33', 'User Ustadz Budi mengubah status dari \'Gagal\' ke \'Sukses\'.'),
(5, 3, 3, '2025-11-04 08:35:38', 'User Ustadz Budi mengubah status dari \'Sukses\' ke \'Buruk\'.'),
(6, 3, 3, '2025-11-04 08:38:47', 'User Ustadz Budi mengubah status dari \'Buruk\' ke \'Sukses\'.'),
(7, 3, 3, '2025-11-05 07:08:47', 'User Ustadz Budi mengubah status dari \'Sukses\' ke \'Cukup\'.'),
(8, 3, 3, '2025-11-05 07:20:30', 'User Ustadz Budi mengubah status dari \'Cukup\' ke \'Gagal\'.'),
(9, 3, 3, '2025-11-05 07:20:39', 'User Ustadz Budi mengubah status dari \'Gagal\' ke \'Buruk\'.'),
(10, 3, 3, '2025-11-05 07:34:52', 'User Ustadz Budi mengubah status dari \'Buruk\' ke \'Cukup\'.'),
(11, 4, 3, '2025-11-05 07:37:12', 'User Ustadz Budi mengubah status dari \'Pending\' ke \'Buruk\'.'),
(12, 4, 3, '2025-11-05 07:44:54', 'User Ustadz Budi mengubah status dari \'Buruk\' ke \'Cukup\'.'),
(13, 3, 3, '2025-11-05 07:45:08', 'User Ustadz Budi mengubah status dari \'Cukup\' ke \'Buruk\'.'),
(14, 3, 3, '2025-11-05 07:50:30', 'User Ustadz Budi mengubah status dari \'Buruk\' ke \'Gagal\'.'),
(15, 4, 3, '2025-11-05 07:59:27', 'User Ustadz Budi mengubah status dari \'Cukup\' ke \'Buruk\'.'),
(17, 4, 3, '2025-11-05 10:57:52', 'User Ustadz Budi mengubah status dari \'Buruk\' ke \'Gagal\'.'),
(37, 3, 3, '2025-11-08 13:57:41', 'Status diubah dari \'Gagal\' ke \'Cukup\'. Catatan: azsxdcfvgbhn Foto Bukti: ./assets/uploads/bukti/bukti_3_1762585061.jpeg'),
(38, 3, 3, '2025-11-09 19:05:33', 'Status diubah dari \'Cukup\' ke \'Gagal\'. Catatan: Loh kok tanya saya Foto Bukti: ./assets/uploads/bukti/bukti_3_1762689933.jpg');

-- --------------------------------------------------------

--
-- Table structure for table `tabel_settings`
--

CREATE TABLE `tabel_settings` (
  `id` int(11) NOT NULL,
  `setting_key` varchar(100) NOT NULL,
  `setting_value` text DEFAULT NULL
) ENGINE=InnoDB DEFAULT CHARSET=utf8mb3 COLLATE=utf8mb3_general_ci;

--
-- Dumping data for table `tabel_settings`
--

INSERT INTO `tabel_settings` (`id`, `setting_key`, `setting_value`) VALUES
(1, 'nama_travel', 'Haramainku Tours & Travel'),
(2, 'zona_waktu_default', 'Asia/Jakarta');

-- --------------------------------------------------------

--
-- Table structure for table `tabel_template`
--

CREATE TABLE `tabel_template` (
  `id` int(11) NOT NULL,
  `nama_template` varchar(150) NOT NULL,
  `lama_manasik` int(3) NOT NULL DEFAULT 0,
  `lama_perjalanan` int(3) NOT NULL
) ENGINE=InnoDB DEFAULT CHARSET=utf8mb3 COLLATE=utf8mb3_general_ci;

--
-- Dumping data for table `tabel_template`
--

INSERT INTO `tabel_template` (`id`, `nama_template`, `lama_manasik`, `lama_perjalanan`) VALUES
(1, 'Template Umroh 9 Hari', 2, 12);

-- --------------------------------------------------------

--
-- Table structure for table `tabel_template_item`
--

CREATE TABLE `tabel_template_item` (
  `id` int(11) NOT NULL,
  `template_id` int(11) NOT NULL,
  `tipe_blok` enum('manasik','perjalanan') NOT NULL,
  `hari_ke` int(3) NOT NULL,
  `urutan` int(3) NOT NULL,
  `tipe_item` enum('info','checklist') NOT NULL,
  `deskripsi_item` text NOT NULL,
  `pj_peran_id` int(11) DEFAULT NULL,
  `pj_user_id_default` int(11) DEFAULT NULL
) ENGINE=InnoDB DEFAULT CHARSET=utf8mb3 COLLATE=utf8mb3_general_ci;

--
-- Dumping data for table `tabel_template_item`
--

INSERT INTO `tabel_template_item` (`id`, `template_id`, `tipe_blok`, `hari_ke`, `urutan`, `tipe_item`, `deskripsi_item`, `pj_peran_id`, `pj_user_id_default`) VALUES
(1, 1, 'manasik', 2, 1, 'info', 'Pengarahan Teknis Keberangkatan', NULL, NULL),
(2, 1, 'manasik', 2, 2, 'checklist', 'Kordinasi Pengumpulan Paspor dan Visa', 3, NULL),
(3, 1, 'manasik', 1, 1, 'checklist', 'Finalisasi Pembagian Kamar Hotel', 3, NULL),
(4, 1, 'perjalanan', 1, 1, 'info', 'Tiba di Bandara Jeddah (Hari H)', NULL, NULL),
(5, 1, 'perjalanan', 1, 2, 'checklist', 'Pengumpulan Bagasi dan Klaim Lost & Found', 2, NULL),
(6, 1, 'perjalanan', 1, 3, 'checklist', 'Pelaporan Imigrasi Jamaah & Koordinasi Bus menuju Madinah', 2, NULL),
(7, 1, 'perjalanan', 2, 1, 'checklist', 'Ziarah Raudhah dan Makam Rasulullah', 1, NULL),
(8, 1, 'perjalanan', 5, 1, 'checklist', 'Memasang Banner di Hotel Madinah', 1, NULL),
(9, 1, 'manasik', 1, 3, 'info', 'Persiapan manasik', NULL, NULL),
(10, 1, 'manasik', 1, 2, 'checklist', 'Transfer pelunasan lokasi manasik', 3, NULL),
(11, 1, 'perjalanan', 7, 1, 'checklist', 'Ini adalah tambaha', 2, NULL),
(14, 1, 'perjalanan', 12, 1, 'checklist', 'Ambil Fotage Kucing', 3, NULL);

-- --------------------------------------------------------

--
-- Table structure for table `tabel_users`
--

CREATE TABLE `tabel_users` (
  `id` int(11) NOT NULL,
  `nama_lengkap` varchar(150) NOT NULL,
  `username` varchar(100) NOT NULL,
  `password_hash` varchar(255) NOT NULL,
  `system_role` enum('admin','user') NOT NULL
) ENGINE=InnoDB DEFAULT CHARSET=utf8mb3 COLLATE=utf8mb3_general_ci;

--
-- Dumping data for table `tabel_users`
--

INSERT INTO `tabel_users` (`id`, `nama_lengkap`, `username`, `password_hash`, `system_role`) VALUES
(1, 'Admin Pusat SMOP', 'admin', '5cf2412529e4354c803d144e8676eaa8', 'admin'),
(2, 'Ahmad Sudi', 'ahmad', '8de13959395270bf9d6819f818ab1a00', 'user'),
(3, 'Ustadz Budi', 'budi', '5cf2412529e4354c803d144e8676eaa8', 'user'),
(4, 'Keano', 'Keano', 'd93d0bbad0cdf18f485a512223527c28', 'admin'),
(5, 'Ust Zainal Arifin', 'zainal', 'e10adc3949ba59abbe56e057f20f883e', 'user');

--
-- Indexes for dumped tables
--

--
-- Indexes for table `ci_sessions`
--
ALTER TABLE `ci_sessions`
  ADD PRIMARY KEY (`id`),
  ADD KEY `ci_sessions_timestamp` (`timestamp`);

--
-- Indexes for table `tabel_grup`
--
ALTER TABLE `tabel_grup`
  ADD PRIMARY KEY (`id`),
  ADD KEY `template_asal_id` (`template_asal_id`);

--
-- Indexes for table `tabel_grup_item`
--
ALTER TABLE `tabel_grup_item`
  ADD PRIMARY KEY (`id`),
  ADD KEY `grup_id` (`grup_id`),
  ADD KEY `template_item_asal_id` (`template_item_asal_id`),
  ADD KEY `pj_user_id` (`pj_user_id`);

--
-- Indexes for table `tabel_grup_tim`
--
ALTER TABLE `tabel_grup_tim`
  ADD PRIMARY KEY (`id`),
  ADD UNIQUE KEY `grup_peran_unique` (`grup_id`,`peran_tugas_id`),
  ADD KEY `peran_tugas_id` (`peran_tugas_id`),
  ADD KEY `user_id` (`user_id`);

--
-- Indexes for table `tabel_log_aksi`
--
ALTER TABLE `tabel_log_aksi`
  ADD PRIMARY KEY (`id`),
  ADD KEY `fk_log_item` (`grup_item_id`),
  ADD KEY `fk_log_user` (`user_id_pengubah`);

--
-- Indexes for table `tabel_notifikasi`
--
ALTER TABLE `tabel_notifikasi`
  ADD PRIMARY KEY (`id`),
  ADD KEY `user_id_tujuan` (`user_id_tujuan`),
  ADD KEY `grup_item_id` (`grup_item_id`);

--
-- Indexes for table `tabel_peran_tugas`
--
ALTER TABLE `tabel_peran_tugas`
  ADD PRIMARY KEY (`id`),
  ADD UNIQUE KEY `nama_peran` (`nama_peran`);

--
-- Indexes for table `tabel_riwayat_item`
--
ALTER TABLE `tabel_riwayat_item`
  ADD PRIMARY KEY (`id`),
  ADD KEY `grup_item_id` (`grup_item_id`),
  ADD KEY `user_id_pengubah` (`user_id_pengubah`);

--
-- Indexes for table `tabel_settings`
--
ALTER TABLE `tabel_settings`
  ADD PRIMARY KEY (`id`),
  ADD UNIQUE KEY `setting_key` (`setting_key`);

--
-- Indexes for table `tabel_template`
--
ALTER TABLE `tabel_template`
  ADD PRIMARY KEY (`id`),
  ADD UNIQUE KEY `nama_template` (`nama_template`);

--
-- Indexes for table `tabel_template_item`
--
ALTER TABLE `tabel_template_item`
  ADD PRIMARY KEY (`id`),
  ADD KEY `template_id` (`template_id`),
  ADD KEY `pj_peran_id` (`pj_peran_id`),
  ADD KEY `fk_template_item_user` (`pj_user_id_default`);

--
-- Indexes for table `tabel_users`
--
ALTER TABLE `tabel_users`
  ADD PRIMARY KEY (`id`),
  ADD UNIQUE KEY `username` (`username`);

--
-- AUTO_INCREMENT for dumped tables
--

--
-- AUTO_INCREMENT for table `tabel_grup`
--
ALTER TABLE `tabel_grup`
  MODIFY `id` int(11) NOT NULL AUTO_INCREMENT, AUTO_INCREMENT=10;

--
-- AUTO_INCREMENT for table `tabel_grup_item`
--
ALTER TABLE `tabel_grup_item`
  MODIFY `id` int(11) NOT NULL AUTO_INCREMENT, AUTO_INCREMENT=50;

--
-- AUTO_INCREMENT for table `tabel_grup_tim`
--
ALTER TABLE `tabel_grup_tim`
  MODIFY `id` int(11) NOT NULL AUTO_INCREMENT, AUTO_INCREMENT=17;

--
-- AUTO_INCREMENT for table `tabel_log_aksi`
--
ALTER TABLE `tabel_log_aksi`
  MODIFY `id` int(11) NOT NULL AUTO_INCREMENT, AUTO_INCREMENT=10;

--
-- AUTO_INCREMENT for table `tabel_notifikasi`
--
ALTER TABLE `tabel_notifikasi`
  MODIFY `id` int(11) NOT NULL AUTO_INCREMENT, AUTO_INCREMENT=43;

--
-- AUTO_INCREMENT for table `tabel_peran_tugas`
--
ALTER TABLE `tabel_peran_tugas`
  MODIFY `id` int(11) NOT NULL AUTO_INCREMENT, AUTO_INCREMENT=4;

--
-- AUTO_INCREMENT for table `tabel_riwayat_item`
--
ALTER TABLE `tabel_riwayat_item`
  MODIFY `id` int(11) NOT NULL AUTO_INCREMENT, AUTO_INCREMENT=39;

--
-- AUTO_INCREMENT for table `tabel_settings`
--
ALTER TABLE `tabel_settings`
  MODIFY `id` int(11) NOT NULL AUTO_INCREMENT, AUTO_INCREMENT=3;

--
-- AUTO_INCREMENT for table `tabel_template`
--
ALTER TABLE `tabel_template`
  MODIFY `id` int(11) NOT NULL AUTO_INCREMENT, AUTO_INCREMENT=2;

--
-- AUTO_INCREMENT for table `tabel_template_item`
--
ALTER TABLE `tabel_template_item`
  MODIFY `id` int(11) NOT NULL AUTO_INCREMENT, AUTO_INCREMENT=15;

--
-- AUTO_INCREMENT for table `tabel_users`
--
ALTER TABLE `tabel_users`
  MODIFY `id` int(11) NOT NULL AUTO_INCREMENT, AUTO_INCREMENT=6;

--
-- Constraints for dumped tables
--

--
-- Constraints for table `tabel_grup`
--
ALTER TABLE `tabel_grup`
  ADD CONSTRAINT `tabel_grup_ibfk_1` FOREIGN KEY (`template_asal_id`) REFERENCES `tabel_template` (`id`);

--
-- Constraints for table `tabel_grup_item`
--
ALTER TABLE `tabel_grup_item`
  ADD CONSTRAINT `tabel_grup_item_ibfk_1` FOREIGN KEY (`grup_id`) REFERENCES `tabel_grup` (`id`) ON DELETE CASCADE,
  ADD CONSTRAINT `tabel_grup_item_ibfk_2` FOREIGN KEY (`template_item_asal_id`) REFERENCES `tabel_template_item` (`id`),
  ADD CONSTRAINT `tabel_grup_item_ibfk_3` FOREIGN KEY (`pj_user_id`) REFERENCES `tabel_users` (`id`) ON DELETE SET NULL;

--
-- Constraints for table `tabel_grup_tim`
--
ALTER TABLE `tabel_grup_tim`
  ADD CONSTRAINT `tabel_grup_tim_ibfk_1` FOREIGN KEY (`grup_id`) REFERENCES `tabel_grup` (`id`) ON DELETE CASCADE,
  ADD CONSTRAINT `tabel_grup_tim_ibfk_2` FOREIGN KEY (`peran_tugas_id`) REFERENCES `tabel_peran_tugas` (`id`),
  ADD CONSTRAINT `tabel_grup_tim_ibfk_3` FOREIGN KEY (`user_id`) REFERENCES `tabel_users` (`id`);

--
-- Constraints for table `tabel_log_aksi`
--
ALTER TABLE `tabel_log_aksi`
  ADD CONSTRAINT `fk_log_item` FOREIGN KEY (`grup_item_id`) REFERENCES `tabel_grup_item` (`id`) ON DELETE CASCADE,
  ADD CONSTRAINT `fk_log_user` FOREIGN KEY (`user_id_pengubah`) REFERENCES `tabel_users` (`id`);

--
-- Constraints for table `tabel_notifikasi`
--
ALTER TABLE `tabel_notifikasi`
  ADD CONSTRAINT `tabel_notifikasi_ibfk_1` FOREIGN KEY (`user_id_tujuan`) REFERENCES `tabel_users` (`id`),
  ADD CONSTRAINT `tabel_notifikasi_ibfk_2` FOREIGN KEY (`grup_item_id`) REFERENCES `tabel_grup_item` (`id`) ON DELETE CASCADE;

--
-- Constraints for table `tabel_riwayat_item`
--
ALTER TABLE `tabel_riwayat_item`
  ADD CONSTRAINT `tabel_riwayat_item_ibfk_1` FOREIGN KEY (`grup_item_id`) REFERENCES `tabel_grup_item` (`id`) ON DELETE CASCADE,
  ADD CONSTRAINT `tabel_riwayat_item_ibfk_2` FOREIGN KEY (`user_id_pengubah`) REFERENCES `tabel_users` (`id`);

--
-- Constraints for table `tabel_template_item`
--
ALTER TABLE `tabel_template_item`
  ADD CONSTRAINT `fk_template_item_user` FOREIGN KEY (`pj_user_id_default`) REFERENCES `tabel_users` (`id`) ON DELETE SET NULL,
  ADD CONSTRAINT `tabel_template_item_ibfk_1` FOREIGN KEY (`template_id`) REFERENCES `tabel_template` (`id`) ON DELETE CASCADE,
  ADD CONSTRAINT `tabel_template_item_ibfk_2` FOREIGN KEY (`pj_peran_id`) REFERENCES `tabel_peran_tugas` (`id`) ON DELETE SET NULL;
COMMIT;

/*!40101 SET CHARACTER_SET_CLIENT=@OLD_CHARACTER_SET_CLIENT */;
/*!40101 SET CHARACTER_SET_RESULTS=@OLD_CHARACTER_SET_RESULTS */;
/*!40101 SET COLLATION_CONNECTION=@OLD_COLLATION_CONNECTION */;
